season,batter,pa_22g,ros_woba_delta_vs_prior,cal_q10,cal_q50,cal_q90,raw_q10,raw_q50,raw_q90
2025,455117,63,0.03278273934663303,-0.031838030565156994,0.027087720178904984,0.11468389000349977,-0.031838030565156994,0.027087720178904984,0.11468389000349977
2025,456781,57,-4.6877388132082753e-05,-0.11325363825363827,-0.03176453980801808,0.026019588953114958,-0.11325363825363827,-0.03176453980801808,0.026019588953114958
2025,457705,83,-0.01774001809980197,-0.06550979673336538,-0.014932255526767746,0.020506958822176236,-0.06550979673336538,-0.014932255526767746,0.020506958822176236
2025,457759,68,-0.04511625058625107,-0.09036754507628297,-0.037419859801426925,0.011271564132192406,-0.09036754507628297,-0.037419859801426925,0.011271564132192406
2025,467793,96,-0.035225017662582014,-0.07750941916790882,-0.02648352410763516,0.026312577522027814,-0.07750941916790882,-0.02648352410763516,0.026312577522027814
2025,500743,56,0.02162562752185554,-0.07189696934836515,-0.018316525130450456,0.040362254293133004,-0.07189696934836515,-0.018316525130450456,0.040362254293133004
2025,502054,83,0.01775543260339435,-0.08078654410015196,-0.02784066860310372,0.03310828226331525,-0.08078654410015196,-0.02784066860310372,0.03310828226331525
2025,502671,92,-0.04630091924431984,-0.07061301251824847,-0.024559324893730528,0.01967999200531345,-0.07061301251824847,-0.024559324893730528,0.01967999200531345
2025,514888,95,-0.038804619789894024,-0.08326389126653994,-0.03062699554181686,0.032226008358254676,-0.08326389126653994,-0.03062699554181686,0.032226008358254676
2025,516782,67,0.026118708771166455,-0.07189696934836515,-0.016023779833486518,0.03318944886274833,-0.07189696934836515,-0.016023779833486518,0.03318944886274833
2025,518595,77,-0.06259886390501801,-0.08662093436980317,-0.02784066860310372,0.03171937972616812,-0.08662093436980317,-0.02784066860310372,0.03171937972616812
2025,518692,90,-0.03364953107534285,-0.06445310361775253,-0.01746079362113223,0.044082254412381255,-0.06445310361775253,-0.01746079362113223,0.044082254412381255
2025,518934,80,-0.0063431083286338286,-0.044638965716181644,0.007585577943927724,0.059875481940948494,-0.044638965716181644,0.007585577943927724,0.059875481940948494
2025,519317,79,0.09302114432188707,-0.06924511856808474,-0.012405820667936274,0.05568104911554918,-0.06924511856808474,-0.012405820667936274,0.05568104911554918
2025,521692,90,-0.007019937823878664,-0.050788116806176564,-0.004384451217915142,0.05644112733798917,-0.050788116806176564,-0.004384451217915142,0.05644112733798917
2025,527038,84,-0.002876615587866671,-0.06992416756045666,-0.014932255526767746,0.03755785490114549,-0.06992416756045666,-0.014932255526767746,0.03755785490114549
2025,542303,95,-0.048236648051785735,-0.06440760294961762,-0.01483816086065598,0.04464233607719398,-0.06440760294961762,-0.01483816086065598,0.04464233607719398
2025,543309,76,0.01934806072625045,-0.07471027094431976,-0.01654856542599953,0.03771397546028893,-0.07471027094431976,-0.01654856542599953,0.03771397546028893
2025,543510,81,0.05387819501693847,-0.044638965716181644,0.009266753650157444,0.06952882374769936,-0.044638965716181644,0.009266753650157444,0.06952882374769936
2025,543760,91,-0.020791701604682522,-0.08248760713255926,-0.02871747519675777,0.019062574745634886,-0.08248760713255926,-0.02871747519675777,0.019062574745634886
2025,543807,86,0.08713386010761742,-0.05809039924482201,-0.012081893655821074,0.03769560958259249,-0.05809039924482201,-0.012081893655821074,0.03769560958259249
2025,543877,76,-0.028287593283798262,-0.04615661277500521,0.008128221397677493,0.07605820203980962,-0.04615661277500521,0.008128221397677493,0.07605820203980962
2025,545121,66,0.010576259560358514,-0.05516448406677482,0.007750813329816197,0.060735785953177246,-0.05516448406677482,0.007750813329816197,0.060735785953177246
2025,545361,94,-0.032542268810130004,-0.07775964872271607,-0.029186799915606687,0.03286365127790419,-0.07775964872271607,-0.029186799915606687,0.03286365127790419
2025,547180,99,-0.029850206116698974,-0.07915323901897509,-0.02648635830054885,0.02393572901476909,-0.07915323901897509,-0.02648635830054885,0.02393572901476909
2025,553869,67,-0.04179490241838141,-0.07427892921403387,-0.016023779833486518,0.04141241411092296,-0.07427892921403387,-0.016023779833486518,0.04141241411092296
2025,553993,88,0.02389205710176684,-0.050788116806176564,-0.00375308046471301,0.04464233607719398,-0.050788116806176564,-0.00375308046471301,0.04464233607719398
2025,570482,79,-0.03779610647104026,-0.06161783540404515,-0.010657483457477135,0.034972679784643024,-0.06161783540404515,-0.010657483457477135,0.034972679784643024
2025,571448,96,-0.06076563185554512,-0.06914032126245911,-0.021087537791345035,0.03700201937490294,-0.06914032126245911,-0.021087537791345035,0.03700201937490294
2025,571657,77,-0.02315966076945819,-0.07055789967182372,-0.015849549164067528,0.04314729953024715,-0.07055789967182372,-0.015849549164067528,0.04314729953024715
2025,571771,66,-0.029165204880757967,-0.04798173272781736,0.008794927984809964,0.06725595915244553,-0.04798173272781736,0.008794927984809964,0.06725595915244553
2025,571970,79,0.05526886845177553,-0.09352935642359556,-0.04169922172571067,0.012821611194065163,-0.09352935642359556,-0.04169922172571067,0.012821611194065163
2025,572191,65,-0.010466220724521691,-0.04423117655911074,0.012595367631479282,0.07218289307951004,-0.04423117655911074,0.012595367631479282,0.07218289307951004
2025,572233,91,-0.028640996997766066,-0.07489513168587092,-0.027550237648418574,0.02213903066354167,-0.07489513168587092,-0.027550237648418574,0.02213903066354167
2025,573262,87,-0.012059582985636197,-0.05641163919204889,-0.00775152712554289,0.05616245173286899,-0.05641163919204889,-0.00775152712554289,0.05616245173286899
2025,575929,95,0.0037858773360485154,-0.07946430179528247,-0.031838030565156994,0.021777070403464105,-0.07946430179528247,-0.031838030565156994,0.021777070403464105
2025,578428,80,-0.0684117576628352,-0.09352935642359556,-0.03483898998137683,0.014950956629510848,-0.09352935642359556,-0.03483898998137683,0.014950956629510848
2025,592192,56,-0.13338038173826255,-0.08858857915177232,-0.02861120522854166,0.022101765141501917,-0.08858857915177232,-0.02861120522854166,0.022101765141501917
2025,592206,88,-0.033505189793646084,-0.05641163919204889,-0.010871836593101702,0.031294472427095155,-0.05641163919204889,-0.010871836593101702,0.031294472427095155
2025,592450,99,0.014300499306547754,-0.13459975611373876,-0.02548005617639465,0.04775335971486799,-0.13459975611373876,-0.02548005617639465,0.04775335971486799
2025,592518,91,-0.013933222863289407,-0.06445310361775253,-0.01995917817042564,0.02335801879280136,-0.06445310361775253,-0.01995917817042564,0.02335801879280136
2025,592626,74,-0.05695717306646175,-0.10224867724867726,-0.043710608930787154,0.019062574745634886,-0.10224867724867726,-0.043710608930787154,0.019062574745634886
2025,592663,90,-0.03287186947595033,-0.06875273810203808,-0.020291539439735662,0.020506958822176236,-0.06875273810203808,-0.020291539439735662,0.020506958822176236
2025,592885,90,-0.017766671684363522,-0.07061301251824847,-0.02655296277572311,0.01860418590432178,-0.07061301251824847,-0.02655296277572311,0.01860418590432178
2025,593428,89,-0.018123600462816136,-0.06969588851140329,-0.020401438266728023,0.02301368011534638,-0.06969588851140329,-0.020401438266728023,0.02301368011534638
2025,593871,83,-0.00021281536542860913,-0.04129561934272685,0.01910056869381882,0.07400295258579831,-0.04129561934272685,0.01910056869381882,0.07400295258579831
2025,595777,98,0.018561868139267468,-0.07750941916790882,-0.02648352410763516,0.03171937972616812,-0.07750941916790882,-0.02648352410763516,0.03171937972616812
2025,595879,78,0.02581991818423479,-0.05542327944167186,0.011413107506304254,0.07605820203980962,-0.05542327944167186,0.011413107506304254,0.07605820203980962
2025,595978,69,0.04525363613141828,-0.04781654111445882,0.01978526665028263,0.11468389000349977,-0.04781654111445882,0.01978526665028263,0.11468389000349977
2025,596019,100,-0.0051591456629508925,-0.0649321524413437,-0.017418415168415358,0.024000629317697586,-0.0649321524413437,-0.017418415168415358,0.024000629317697586
2025,596115,94,0.008183544812445043,-0.04074424586563774,0.008310502372199158,0.0701814339274563,-0.04074424586563774,0.008310502372199158,0.0701814339274563
2025,596146,89,-0.025523634092900038,-0.06478661327416149,-0.01654856542599953,0.01880232807766624,-0.06478661327416149,-0.01654856542599953,0.01880232807766624
2025,602104,82,-0.03687933735090981,-0.07189696934836515,-0.020743552386064457,0.030833357183173957,-0.07189696934836515,-0.020743552386064457,0.030833357183173957
2025,605137,90,0.005684326059862077,-0.07420631625620067,-0.01954227006784004,0.026287591399868693,-0.07420631625620067,-0.01954227006784004,0.026287591399868693
2025,605141,98,-0.07190470877210248,-0.08662093436980317,-0.03062699554181686,0.026019588953114958,-0.08662093436980317,-0.03062699554181686,0.026019588953114958
2025,605170,72,-0.0020888599484085724,-0.06771045499442802,-0.012405820667936274,0.037245396233872075,-0.06771045499442802,-0.012405820667936274,0.037245396233872075
2025,605361,61,-0.09081832520743538,-0.08858857915177232,-0.034825359875417405,0.024023043142477496,-0.08858857915177232,-0.034825359875417405,0.024023043142477496
2025,606115,76,-0.054490004107333734,-0.07932743662539302,-0.023880459253126762,0.03987161407838302,-0.07932743662539302,-0.023880459253126762,0.03987161407838302
2025,606192,88,-0.04018645161578516,-0.06609761206535397,-0.018501062213583497,0.032956210774976846,-0.06609761206535397,-0.018501062213583497,0.032956210774976846
2025,606466,88,0.01522315688855913,-0.06609761206535397,-0.02231630146753244,0.03286365127790419,-0.06609761206535397,-0.02231630146753244,0.03286365127790419
2025,607043,91,-0.006536266158792325,-0.07420631625620067,-0.024559324893730528,0.022130857813511817,-0.07420631625620067,-0.024559324893730528,0.022130857813511817
2025,607208,98,0.020226464449544568,-0.07750941916790882,-0.027779885929535064,0.028385675720042025,-0.07750941916790882,-0.027779885929535064,0.028385675720042025
2025,607732,77,-0.16587174964014972,-0.07427892921403387,-0.01426461818383326,0.0506903139608334,-0.07427892921403387,-0.01426461818383326,0.0506903139608334
2025,608070,93,0.01276803632135276,-0.07019872813990458,-0.02627591179065042,0.026312577522027814,-0.07019872813990458,-0.02627591179065042,0.026312577522027814
2025,608324,100,0.00925471094846364,-0.0649321524413437,-0.01655992426373787,0.032956210774976846,-0.0649321524413437,-0.01655992426373787,0.032956210774976846
2025,608348,85,0.01306787639951118,-0.03090228569577763,0.04138182028172338,0.1216802804288783,-0.03090228569577763,0.04138182028172338,0.1216802804288783
2025,608369,88,0.00709356710187764,-0.06924511856808474,-0.028920498318541987,0.020506958822176236,-0.06924511856808474,-0.028920498318541987,0.020506958822176236
2025,608701,67,-0.008461487559670022,-0.07242828554249162,-0.020291539439735662,0.03308446734675563,-0.07242828554249162,-0.020291539439735662,0.03308446734675563
2025,609280,85,0.05070269648621656,-0.056223989567377064,-0.008401321904368486,0.03860626614987078,-0.056223989567377064,-0.008401321904368486,0.03860626614987078
2025,620443,65,-0.009383233254200984,-0.027533086083397607,0.024565729085114008,0.10482446830607589,-0.027533086083397607,0.024565729085114008,0.10482446830607589
2025,621020,97,0.006712156807511804,-0.06550979673336538,-0.014031740125141245,0.03386411889596602,-0.06550979673336538,-0.014031740125141245,0.03386411889596602
2025,621028,65,-0.007885845899337607,-0.089792922201824,-0.029669449992254016,0.032226008358254676,-0.089792922201824,-0.029669449992254016,0.032226008358254676
2025,621035,57,-0.026671151447774544,-0.07823027847081049,-0.023276863626200073,0.04443879855465216,-0.07823027847081049,-0.023276863626200073,0.04443879855465216
2025,621043,87,-0.019837922755415516,-0.089792922201824,-0.03818934762026294,0.016533589650607028,-0.089792922201824,-0.03818934762026294,0.016533589650607028
2025,621438,81,-0.029485395313131657,-0.07879518072289154,-0.020401438266728023,0.029463553171996948,-0.07879518072289154,-0.020401438266728023,0.029463553171996948
2025,621439,92,0.04393984136148599,-0.06914032126245911,-0.017490043187007753,0.02683947471943532,-0.06914032126245911,-0.017490043187007753,0.02683947471943532
2025,621493,97,0.0037800361309515695,-0.06440760294961762,-0.013285531367630943,0.026312577522027814,-0.06440760294961762,-0.013285531367630943,0.026312577522027814
2025,621566,93,-0.0015997392680378586,-0.06843982911584176,-0.02538741789819371,0.02623412812522555,-0.06843982911584176,-0.02538741789819371,0.02623412812522555
2025,623168,74,0.024909522319566113,-0.045439820935729014,0.02588427120289538,0.09592780487658814,-0.045439820935729014,0.02588427120289538,0.09592780487658814
2025,623993,98,-0.09500671417368806,-0.0799404018747022,-0.034232180117116484,0.022101765141501917,-0.0799404018747022,-0.034232180117116484,0.022101765141501917
2025,624413,95,-0.0022726120261281624,-0.0494888137233786,0.008026793148575628,0.06320268854748606,-0.0494888137233786,0.008026793148575628,0.06320268854748606
2025,624424,84,-0.043289234636785245,-0.07189696934836515,-0.01795157150202431,0.03260849846319074,-0.07189696934836515,-0.01795157150202431,0.03260849846319074
2025,624428,77,0.025406171398614286,-0.06941699013349575,-0.006201656625675234,0.061873315363881354,-0.06941699013349575,-0.006201656625675234,0.061873315363881354
2025,624431,75,-0.04735520780295552,-0.045439820935729014,0.01910056869381882,0.07786310553485398,-0.045439820935729014,0.01910056869381882,0.07786310553485398
2025,624512,81,-0.04260345438680768,-0.04574384771464307,0.016454117088599396,0.07218289307951004,-0.04574384771464307,0.016454117088599396,0.07218289307951004
2025,624585,90,-0.04644020684332778,-0.0621171387397732,-0.013972120303086533,0.026330494932166448,-0.0621171387397732,-0.013972120303086533,0.026330494932166448
2025,624641,67,6.460354756920861e-05,-0.060145059838509374,-0.009755553569736786,0.04561507084585664,-0.060145059838509374,-0.009755553569736786,0.04561507084585664
2025,628451,57,-0.010707366310783617,-0.04423117655911074,0.01112582777746185,0.07275942064727942,-0.04423117655911074,0.01112582777746185,0.07275942064727942
2025,630105,87,0.012301794076490569,-0.057630525407338096,-0.009755553569736786,0.03755785490114549,-0.057630525407338096,-0.009755553569736786,0.03755785490114549
2025,641343,53,0.026617417513224995,-0.05177010489510486,0.015298938914847127,0.07400295258579831,-0.05177010489510486,0.015298938914847127,0.07400295258579831
2025,641355,90,0.026751451104415513,-0.07946430179528247,-0.032300971790061916,0.021777070403464105,-0.07946430179528247,-0.032300971790061916,0.021777070403464105
2025,641487,84,0.010728664518056819,-0.07011635996607019,-0.01655331648237207,0.03464011151803972,-0.07011635996607019,-0.01655331648237207,0.03464011151803972
2025,641584,81,0.005600241919369642,-0.06690844072828128,-0.01483816086065598,0.02683947471943532,-0.06690844072828128,-0.01483816086065598,0.02683947471943532
2025,641598,66,-0.05377732264214652,-0.0766116213352172,-0.01795157150202431,0.032956210774976846,-0.0766116213352172,-0.01795157150202431,0.032956210774976846
2025,641680,80,-0.0376037213958646,-0.045877375156571254,0.0013167025853478287,0.0534324309212072,-0.045877375156571254,0.0013167025853478287,0.0534324309212072
2025,641857,92,-0.01573033404728763,-0.07932743662539302,-0.026389924694065037,0.03514676113360321,-0.07932743662539302,-0.026389924694065037,0.03514676113360321
2025,641933,88,-0.03016037115753778,-0.06086888040045335,-0.012948586771813542,0.03310828226331525,-0.06086888040045335,-0.012948586771813542,0.03310828226331525
2025,641943,66,0.007714512930678319,-0.05024588004613334,0.008796024801893232,0.07209979005494588,-0.05024588004613334,0.008796024801893232,0.07209979005494588
2025,642086,77,0.04680920827620294,-0.05411348996588894,-0.001972471805842202,0.04443879855465216,-0.05411348996588894,-0.001972471805842202,0.04443879855465216
2025,642133,70,0.0058649124826601895,-0.05177010489510486,0.0013167025853478287,0.05439109605630177,-0.05177010489510486,0.0013167025853478287,0.05439109605630177
2025,642136,68,-0.017506943954379017,-0.06690844072828128,-0.003793205051151105,0.06664539727524604,-0.06690844072828128,-0.003793205051151105,0.06664539727524604
2025,642180,68,-0.03783662533058768,-0.07286914765906366,-0.0036068376068376096,0.0717555543523381,-0.07286914765906366,-0.0036068376068376096,0.0717555543523381
2025,642201,75,0.001295124843487483,-0.037419859801426925,0.029380254591522215,0.11468389000349977,-0.037419859801426925,0.029380254591522215,0.11468389000349977
2025,642708,77,0.005078799120499189,-0.05296552393919812,-0.003948639904965245,0.045394736842105265,-0.05296552393919812,-0.003948639904965245,0.045394736842105265
2025,642715,99,0.005147230896518751,-0.09352935642359556,-0.03516602274951364,0.01967999200531345,-0.09352935642359556,-0.03516602274951364,0.01967999200531345
2025,642731,96,-0.045016982492153024,-0.07055789967182372,-0.017108678167856883,0.039709191291538215,-0.07055789967182372,-0.017108678167856883,0.039709191291538215
2025,643217,89,0.008805773791469462,-0.05694800957772156,-0.004579751841693236,0.04443879855465216,-0.05694800957772156,-0.004579751841693236,0.04443879855465216
2025,643289,71,-0.019059632861480824,-0.07427892921403387,-0.022555294894674505,0.035105070577345854,-0.07427892921403387,-0.022555294894674505,0.035105070577345854
2025,643376,77,0.003353424763822943,-0.09036754507628297,-0.03176453980801808,0.01967999200531345,-0.09036754507628297,-0.03176453980801808,0.01967999200531345
2025,643396,79,-0.008020547375101772,-0.06699232913946529,-0.01612791947052611,0.03860626614987078,-0.06699232913946529,-0.01612791947052611,0.03860626614987078
2025,643446,72,-0.0021956606837504333,-0.07055789967182372,-0.017418415168415358,0.03793372657876476,-0.07055789967182372,-0.017418415168415358,0.03793372657876476
2025,643565,92,-0.01042253117125086,-0.05343613315909185,-0.005018772745393529,0.04768832871303935,-0.05343613315909185,-0.005018772745393529,0.04768832871303935
2025,645277,95,-0.021474797282468594,-0.06550979673336538,-0.017332956499076374,0.0337375265334513,-0.06550979673336538,-0.017332956499076374,0.0337375265334513
2025,645444,76,-0.014338768115942035,-0.06941699013349575,-0.003277506259927565,0.07502131287297525,-0.06941699013349575,-0.003277506259927565,0.07502131287297525
2025,646240,100,0.0023652295937365286,-0.07919099925843537,-0.029688479263348277,0.022130857813511817,-0.07919099925843537,-0.029688479263348277,0.022130857813511817
2025,647304,96,0.0018018173499326218,-0.05809039924482201,-0.012948586771813542,0.03769560958259249,-0.05809039924482201,-0.012948586771813542,0.03769560958259249
2025,647351,75,-0.08658895608341594,-0.08662093436980317,-0.02959203896018192,0.026375911945651517,-0.08662093436980317,-0.02959203896018192,0.026375911945651517
2025,649966,80,-0.0318780917875921,-0.05343613315909185,-0.0028928701110074173,0.05616245173286899,-0.05343613315909185,-0.0028928701110074173,0.05616245173286899
2025,650333,96,-0.03164189356827907,-0.0747566127750052,-0.02714094288327984,0.02378713909554575,-0.0747566127750052,-0.02714094288327984,0.02378713909554575
2025,650402,97,-0.00043903554837687597,-0.04937852027080819,-0.006992141338721669,0.04138182028172338,-0.04937852027080819,-0.006992141338721669,0.04138182028172338
2025,650489,86,-0.011440693123599244,-0.07750941916790882,-0.023880459253126762,0.0321753454950463,-0.07750941916790882,-0.023880459253126762,0.0321753454950463
2025,650490,97,0.0216715642468418,-0.07823027847081049,-0.02375896117694898,0.029463553171996948,-0.07823027847081049,-0.02375896117694898,0.029463553171996948
2025,650859,84,-0.0438898997370038,-0.07823027847081049,-0.02375896117694898,0.026019588953114958,-0.07823027847081049,-0.02375896117694898,0.026019588953114958
2025,650968,66,-0.020742091599434187,-0.06227253402310401,0.0010701288190349545,0.06574857585310545,-0.06227253402310401,0.0010701288190349545,0.06574857585310545
2025,655316,61,0.055594165594165634,-0.06542327944167187,-0.0017221204721204475,0.06248161928615786,-0.06542327944167187,-0.0017221204721204475,0.06248161928615786
2025,656180,71,-0.017667561444409285,-0.07014314459263643,-0.007207256792230776,0.05954071341732986,-0.07014314459263643,-0.007207256792230776,0.05954071341732986
2025,656305,96,-0.008479566002084993,-0.06695129539166239,-0.01655992426373787,0.029380254591522215,-0.06695129539166239,-0.01655992426373787,0.029380254591522215
2025,656537,82,0.005723917963508185,-0.0391250487411648,0.023903508771929843,0.08556612411957548,-0.0391250487411648,0.023903508771929843,0.08556612411957548
2025,656555,79,-0.0050284764579616725,-0.0677097081480506,-0.017418415168415358,0.030198425340436777,-0.0677097081480506,-0.017418415168415358,0.030198425340436777
2025,656716,86,0.03906747037262709,-0.045877375156571254,0.015303216284823895,0.07536747705785057,-0.045877375156571254,0.015303216284823895,0.07536747705785057
2025,656775,93,-0.04407225415374699,-0.04937852027080819,-0.0017221204721204475,0.05616245173286899,-0.04937852027080819,-0.0017221204721204475,0.05616245173286899
2025,656811,83,0.02318917770938328,-0.04937852027080819,-0.0014100454330413514,0.04775335971486799,-0.04937852027080819,-0.0014100454330413514,0.04775335971486799
2025,656896,68,-0.05158771679035212,-0.06969588851140329,-0.016023779833486518,0.04443879855465216,-0.06969588851140329,-0.016023779833486518,0.04443879855465216
2025,656941,100,0.025602588875109356,-0.04990169899204966,0.0010527175972074865,0.0582817147511272,-0.04990169899204966,0.0010527175972074865,0.0582817147511272
2025,656976,70,-0.04238267395736389,-0.05296552393919812,0.0036821639638722203,0.06527092182298247,-0.05296552393919812,0.0036821639638722203,0.06527092182298247
2025,657041,83,-0.035324471660775236,-0.09880471380471384,-0.035755075727901875,0.021777070403464105,-0.09880471380471384,-0.035755075727901875,0.021777070403464105
2025,657077,99,-0.06289710622724393,-0.05815839234956882,-0.009250404238407728,0.0337375265334513,-0.05815839234956882,-0.009250404238407728,0.0337375265334513
2025,657136,74,-0.043902573875399975,-0.07879518072289154,-0.0147634391183179,0.04097609870038249,-0.07879518072289154,-0.0147634391183179,0.04097609870038249
2025,657557,80,0.01944290912731761,-0.058944860049511216,0.00497469246600224,0.06631803079226911,-0.058944860049511216,0.00497469246600224,0.06631803079226911
2025,657656,64,0.06292312671462957,-0.05809039924482201,-0.0034437087178246784,0.05616245173286899,-0.05809039924482201,-0.0034437087178246784,0.05616245173286899
2025,657757,71,0.02895763765086007,-0.042920076694962166,0.012337757451080622,0.06664539727524604,-0.042920076694962166,0.012337757451080622,0.06664539727524604
2025,660162,86,0.025161885150501828,-0.0487044127188645,-0.0014100454330413514,0.045394736842105265,-0.0487044127188645,-0.0014100454330413514,0.045394736842105265
2025,660271,100,0.014280636728048413,-0.09294560919998418,-0.03846273589390137,0.024000629317697586,-0.09294560919998418,-0.03846273589390137,0.024000629317697586
2025,660670,95,0.002269675694723916,-0.050788116806176564,-0.003604727495800153,0.05733343101142341,-0.050788116806176564,-0.003604727495800153,0.05733343101142341
2025,660688,90,-0.06257482673040804,-0.04960410487527461,0.011965400778220003,0.0717555543523381,-0.04960410487527461,0.011965400778220003,0.0717555543523381
2025,660821,90,-0.008525493484542901,-0.07879518072289154,-0.01655331648237207,0.036487312131879834,-0.07879518072289154,-0.01655331648237207,0.036487312131879834
2025,660844,61,0.02992857142857147,-0.07055789967182372,-0.0036068376068376096,0.0760782434619644,-0.07055789967182372,-0.0036068376068376096,0.0760782434619644
2025,661388,92,-0.026749623948087164,-0.07932743662539302,-0.0356014153092456,0.026324817805480794,-0.07932743662539302,-0.0356014153092456,0.026324817805480794
2025,662139,98,0.05911444286737494,-0.056223989567377064,-0.0018331386292835261,0.05589269432398586,-0.056223989567377064,-0.0018331386292835261,0.05589269432398586
2025,663368,88,-0.06273954037294902,-0.06901260504201678,-0.002773087071240077,0.06499019076819906,-0.06901260504201678,-0.002773087071240077,0.06499019076819906
2025,663457,102,-0.04744176574420239,-0.0649321524413437,-0.01483816086065598,0.01860418590432178,-0.0649321524413437,-0.01483816086065598,0.01860418590432178
2025,663538,95,0.0012712813410613033,-0.07946430179528247,-0.027779885929535064,0.01967999200531345,-0.07946430179528247,-0.027779885929535064,0.01967999200531345
2025,663586,95,-0.052624895850632514,-0.06609761206535397,-0.01995917817042564,0.03635525897086084,-0.06609761206535397,-0.01995917817042564,0.03635525897086084
2025,663604,63,0.03750000000000003,-0.0649321524413437,0.006751613688953828,0.09620884669437021,-0.0649321524413437,0.006751613688953828,0.09620884669437021
2025,663616,88,0.007233396006150583,-0.06605422322244886,-0.0147634391183179,0.03310828226331525,-0.06605422322244886,-0.0147634391183179,0.03310828226331525
2025,663624,79,-0.029941087548320255,-0.06771045499442802,-0.020401438266728023,0.026287591399868693,-0.06771045499442802,-0.020401438266728023,0.026287591399868693
2025,663647,92,-0.015074761014638172,-0.045439820935729014,0.007585577943927724,0.07004313198572668,-0.045439820935729014,0.007585577943927724,0.07004313198572668
2025,663656,105,-0.037274654373998795,-0.06550979673336538,-0.021926493642018235,0.044082254412381255,-0.06550979673336538,-0.021926493642018235,0.044082254412381255
2025,663697,94,-0.018764155737754085,-0.0799404018747022,-0.02231630146753244,0.016454117088599396,-0.0799404018747022,-0.02231630146753244,0.016454117088599396
2025,663698,89,0.0023397210965899196,-0.060145059838509374,-0.0038205319815537986,0.0582817147511272,-0.060145059838509374,-0.0038205319815537986,0.0582817147511272
2025,663728,99,0.0692699822504595,-0.04937852027080819,0.0044887802452101555,0.05733343101142341,-0.04937852027080819,0.0044887802452101555,0.05733343101142341
2025,663743,62,0.03778734244816395,-0.042487508331863016,0.018057252583841166,0.07605820203980962,-0.042487508331863016,0.018057252583841166,0.07605820203980962
2025,663757,76,0.05188792438214773,-0.04280005498422851,0.015298938914847127,0.07536747705785057,-0.04280005498422851,0.015298938914847127,0.07536747705785057
2025,663853,80,0.08929703513036852,-0.034618058417994924,0.02176041666666667,0.07786310553485398,-0.034618058417994924,0.02176041666666667,0.07786310553485398
2025,663886,89,-0.028968093144349005,-0.0677097081480506,-0.015286219794095057,0.029438563597854513,-0.0677097081480506,-0.015286219794095057,0.029438563597854513
2025,663968,77,0.02939744328428673,-0.05542327944167186,0.008067424609537133,0.06664539727524604,-0.05542327944167186,0.008067424609537133,0.06664539727524604
2025,663993,89,-0.057277548812071366,-0.06690844072828128,-0.017490043187007753,0.024000629317697586,-0.06690844072828128,-0.017490043187007753,0.024000629317697586
2025,664023,108,-0.0050635864132094754,-0.06597710179790106,-0.017418415168415358,0.016533589650607028,-0.06597710179790106,-0.017418415168415358,0.016533589650607028
2025,664034,86,-0.010033444354882848,-0.05516448406677482,-0.008168122716429416,0.034972679784643024,-0.05516448406677482,-0.008168122716429416,0.034972679784643024
2025,664040,92,0.03208425661341513,-0.06924511856808474,-0.0147634391183179,0.032956210774976846,-0.06924511856808474,-0.0147634391183179,0.032956210774976846
2025,664056,78,0.06478306302891662,-0.05910694699067798,0.008067424609537133,0.06725595915244553,-0.05910694699067798,0.008067424609537133,0.06725595915244553
2025,664059,77,0.11687722225668759,-0.01655331648237207,0.040362254293133004,0.1216802804288783,-0.01655331648237207,0.040362254293133004,0.1216802804288783
2025,664238,78,-0.08795418593681692,-0.05433887167074947,-0.0028928701110074173,0.05616245173286899,-0.05433887167074947,-0.0028928701110074173,0.05616245173286899
2025,664702,68,0.06796027080229833,-0.05200713537256818,0.01505447909191221,0.09574933077171843,-0.05200713537256818,0.01505447909191221,0.09574933077171843
2025,664728,72,0.029522245408220238,-0.0762566127750052,-0.010657483457477135,0.06664539727524604,-0.0762566127750052,-0.010657483457477135,0.06664539727524604
2025,664761,94,0.028482603810407403,-0.08332765374481915,-0.02959203896018192,0.020506958822176236,-0.08332765374481915,-0.02959203896018192,0.020506958822176236
2025,664770,65,0.00879139820950553,-0.05542327944167186,-0.00462199739038982,0.04782627891555741,-0.05542327944167186,-0.00462199739038982,0.04782627891555741
2025,664774,81,-0.0715098378415443,-0.08135990029709506,-0.02871747519675777,0.027468626581008848,-0.08135990029709506,-0.02871747519675777,0.027468626581008848
2025,664983,79,-0.03373302073125495,-0.07946430179528247,-0.022708290785565965,0.02378713909554575,-0.07946430179528247,-0.022708290785565965,0.02378713909554575
2025,665019,53,0.021983633821724302,-0.03350616773373789,0.02522000926354792,0.10492887325501651,-0.03350616773373789,0.02522000926354792,0.10492887325501651
2025,665161,90,0.06253493947886468,-0.0490761042333695,-0.00775152712554289,0.04218995960436239,-0.0490761042333695,-0.00775152712554289,0.04218995960436239
2025,665487,99,-0.0017849597479127066,-0.04742372643883541,0.006826691951327013,0.05616245173286899,-0.04742372643883541,0.006826691951327013,0.05616245173286899
2025,665489,98,0.005361148360326917,-0.06609761206535397,-0.020401438266728023,0.04464233607719398,-0.06609761206535397,-0.020401438266728023,0.04464233607719398
2025,665742,97,0.002256118681059349,-0.08326389126653994,-0.027550237648418574,0.026312577522027814,-0.08326389126653994,-0.027550237648418574,0.026312577522027814
2025,665750,66,-0.05477609764897151,-0.07932743662539302,-0.024481962455076223,0.03771397546028893,-0.07932743662539302,-0.024481962455076223,0.03771397546028893
2025,665833,93,-0.05137876223067539,-0.06149300957011328,-0.009647761859188086,0.04464233607719398,-0.06149300957011328,-0.009647761859188086,0.04464233607719398
2025,665862,94,0.02638799751108456,-0.07420631625620067,-0.024305712523779,0.024000629317697586,-0.07420631625620067,-0.024305712523779,0.024000629317697586
2025,665926,95,-0.05318726818842978,-0.06542327944167187,-0.010871836593101702,0.03386411889596602,-0.06542327944167187,-0.010871836593101702,0.03386411889596602
2025,665966,84,0.055972222222222257,-0.036116140722095846,0.02994842319621782,0.15317283950617283,-0.036116140722095846,0.02994842319621782,0.15317283950617283
2025,666018,79,0.06747375424977237,-0.03970767583195489,0.01910056869381882,0.07012475070216334,-0.03970767583195489,0.01910056869381882,0.07012475070216334
2025,666023,74,0.06345389741572596,-0.04291774130674065,0.014950956629510848,0.08556612411957548,-0.04291774130674065,0.014950956629510848,0.08556612411957548
2025,666134,67,-0.059889055365241306,-0.08248760713255926,-0.019033651109631372,0.0342364044003802,-0.08248760713255926,-0.019033651109631372,0.0342364044003802
2025,666139,87,-0.041916288989867156,-0.0621171387397732,-0.012948586771813542,0.03386411889596602,-0.0621171387397732,-0.012948586771813542,0.03386411889596602
2025,666149,81,-0.10190924060150927,-0.07946430179528247,-0.027246623159540462,0.04148379971238858,-0.07946430179528247,-0.027246623159540462,0.04148379971238858
2025,666152,72,0.0048269158535863554,-0.04615661277500521,0.012986909323116247,0.07803196347031968,-0.04615661277500521,0.012986909323116247,0.07803196347031968
2025,666158,87,-0.009073275487966714,-0.06690844072828128,-0.014706600222414101,0.03700201937490294,-0.06690844072828128,-0.014706600222414101,0.03700201937490294
2025,666160,79,0.06615807427538073,-0.035489299549120445,0.02155609451895124,0.08017115709020617,-0.035489299549120445,0.02155609451895124,0.08017115709020617
2025,666163,67,0.028797847533063803,-0.06729195224188966,0.002383910642570264,0.07605820203980962,-0.06729195224188966,0.002383910642570264,0.07605820203980962
2025,666176,79,0.05397395158902646,-0.05177010489510486,0.009066485114435974,0.0681077696200394,-0.05177010489510486,0.009066485114435974,0.0681077696200394
2025,666181,76,-0.009981780708524901,-0.041885257978671486,0.015298938914847127,0.07454876237461996,-0.041885257978671486,0.015298938914847127,0.07454876237461996
2025,666182,105,0.055375019970778816,-0.05427125715929129,-0.00775152712554289,0.04405455759476329,-0.05427125715929129,-0.00775152712554289,0.04405455759476329
2025,666185,73,-0.010900721502372535,-0.07286914765906366,-0.005018772745393529,0.06501223144610035,-0.07286914765906366,-0.005018772745393529,0.06501223144610035
2025,666211,62,-0.034770185235171086,-0.0334338329449797,0.023957497943465023,0.10482446830607589,-0.0334338329449797,0.023957497943465023,0.10482446830607589
2025,666310,80,0.059925701896215516,-0.031438968191525196,0.028125107655102344,0.11468389000349977,-0.031438968191525196,0.028125107655102344,0.11468389000349977
2025,666397,82,-0.03287483799111707,-0.06086888040045335,-0.01079132217639861,0.04148379971238858,-0.06086888040045335,-0.01079132217639861,0.04148379971238858
2025,666624,78,-0.037343132575779925,-0.05809039924482201,-0.0038205319815537986,0.04775335971486799,-0.05809039924482201,-0.0038205319815537986,0.04775335971486799
2025,666969,84,-0.04117035487940013,-0.05177010489510486,-0.004384451217915142,0.052430004763918514,-0.05177010489510486,-0.004384451217915142,0.052430004763918514
2025,666971,93,0.00256486615621504,-0.07171864820036883,-0.017408364045658986,0.026910653662217954,-0.07171864820036883,-0.017408364045658986,0.026910653662217954
2025,667472,69,-0.0772039842873177,-0.05296552393919812,-0.006992141338721669,0.05439109605630177,-0.05296552393919812,-0.006992141338721669,0.05439109605630177
2025,667670,100,0.03065877776549214,-0.05218536786442904,-0.007207256792230776,0.04464233607719398,-0.05218536786442904,-0.007207256792230776,0.04464233607719398
2025,668227,99,-0.006060764007967678,-0.060145059838509374,-0.009647761859188086,0.03886703186447671,-0.060145059838509374,-0.009647761859188086,0.03886703186447671
2025,668670,76,-0.009125401459187055,-0.06690844072828128,-0.007000629933205993,0.060735785953177246,-0.06690844072828128,-0.007000629933205993,0.060735785953177246
2025,668709,93,-0.004725888234695108,-0.06086888040045335,-0.013977467198625082,0.03792178190191886,-0.06086888040045335,-0.013977467198625082,0.03792178190191886
2025,668715,93,0.005995333551701232,-0.07750941916790882,-0.028560497369679583,0.027595588482856426,-0.07750941916790882,-0.028560497369679583,0.027595588482856426
2025,668804,100,-0.03483200864555658,-0.06609761206535397,-0.018316525130450456,0.02335801879280136,-0.06609761206535397,-0.018316525130450456,0.02335801879280136
2025,668885,77,0.02690272225395013,-0.060145059838509374,-0.005871311029511772,0.04302278799856374,-0.060145059838509374,-0.005871311029511772,0.04302278799856374
2025,668901,90,0.008887230533410617,-0.05516448406677482,-0.006992141338721669,0.04302278799856374,-0.05516448406677482,-0.006992141338721669,0.04302278799856374
2025,668904,83,-0.026384471910949447,-0.09294560919998418,-0.04140941344516852,0.016525642394406306,-0.09294560919998418,-0.04140941344516852,0.016525642394406306
2025,668930,96,0.06240034679117029,-0.0334338329449797,0.020346279911009957,0.07786310553485398,-0.0334338329449797,0.020346279911009957,0.07786310553485398
2025,668939,96,-0.045966618543171356,-0.06445310361775253,-0.015286219794095057,0.027087720178904984,-0.06445310361775253,-0.015286219794095057,0.027087720178904984
2025,668942,72,-0.05411295190148385,-0.07055789967182372,-0.014342435475962978,0.042322930595823205,-0.07055789967182372,-0.014342435475962978,0.042322930595823205
2025,669016,71,0.028495713839949643,-0.0935299388572633,-0.03439226430078621,0.02701324654106404,-0.0935299388572633,-0.03439226430078621,0.02701324654106404
2025,669065,89,0.16734190119944992,-0.017418415168415358,0.043924611973392425,0.1168765943877551,-0.017418415168415358,0.043924611973392425,0.1168765943877551
2025,669127,93,0.06217079237749007,-0.04937852027080819,0.007604442115637933,0.0641548662367386,-0.04937852027080819,0.007604442115637933,0.0641548662367386
2025,669221,91,-0.03462873906207525,-0.05341573038981806,-0.0038296346174347407,0.045394736842105265,-0.05341573038981806,-0.0038296346174347407,0.045394736842105265
2025,669224,86,-0.010769171628314422,-0.06086888040045335,-0.010871836593101702,0.04196074623878604,-0.06086888040045335,-0.010871836593101702,0.04196074623878604
2025,669234,71,0.01472826086956519,-0.058944860049511216,0.003990432277953426,0.07951261799422554,-0.058944860049511216,0.003990432277953426,0.07951261799422554
2025,669236,76,0.049795644249622406,-0.04423117655911074,0.01446148022025845,0.06725595915244553,-0.04423117655911074,0.01446148022025845,0.06725595915244553
2025,669242,89,-0.03579860494746345,-0.04937852027080819,0.007585577943927724,0.05733343101142341,-0.04937852027080819,0.007585577943927724,0.05733343101142341
2025,669257,85,0.04212836570474254,-0.06914032126245911,-0.01954227006784004,0.024000629317697586,-0.06914032126245911,-0.01954227006784004,0.024000629317697586
2025,669261,72,-0.019395804419389318,-0.08248760713255926,-0.019395672636827788,0.04218995960436239,-0.08248760713255926,-0.019395672636827788,0.04218995960436239
2025,669289,74,-0.05381928424977944,-0.06542327944167187,-0.005999622458759901,0.04857981220657276,-0.06542327944167187,-0.005999622458759901,0.04857981220657276
2025,669326,70,0.08250000000000002,-0.03455234848445593,0.07004313198572668,0.16959125475285175,-0.03455234848445593,0.07004313198572668,0.16959125475285175
2025,669357,81,-0.014326182774923424,-0.07879518072289154,-0.016720473132004032,0.03940381737895787,-0.07879518072289154,-0.016720473132004032,0.03940381737895787
2025,669364,105,-0.03465937776479089,-0.07980611435088814,-0.027779885929535064,0.01967999200531345,-0.07980611435088814,-0.027779885929535064,0.01967999200531345
2025,669394,78,-0.01722773293304336,-0.08662093436980317,-0.03090228569577763,0.026312577522027814,-0.08662093436980317,-0.03090228569577763,0.026312577522027814
2025,669397,81,-9.219658642320439e-05,-0.06227253402310401,0.003990432277953426,0.07951261799422554,-0.06227253402310401,0.003990432277953426,0.07951261799422554
2025,669477,72,0.01742094806341299,-0.045493923935117475,0.012273030784462624,0.07012475070216334,-0.045493923935117475,0.012273030784462624,0.07012475070216334
2025,669701,83,0.007345929359136416,-0.05411348996588894,-0.004064728984377264,0.05439109605630177,-0.05411348996588894,-0.004064728984377264,0.05439109605630177
2025,669707,66,0.016294023478251374,-0.0652118814819011,-0.008277707789526911,0.043924611973392425,-0.0652118814819011,-0.008277707789526911,0.043924611973392425
2025,669720,91,-0.0050310435323963065,-0.05177010489510486,-0.003604727495800153,0.04561507084585664,-0.05177010489510486,-0.003604727495800153,0.04561507084585664
2025,669743,85,-0.02375699919775015,-0.07750941916790882,-0.024045542701803757,0.019062574745634886,-0.07750941916790882,-0.024045542701803757,0.019062574745634886
2025,669911,84,0.006027619248925531,-0.07932743662539302,-0.01786198516815729,0.05954071341732986,-0.07932743662539302,-0.01786198516815729,0.05954071341732986
2025,670042,75,-0.02332487978732134,-0.06550979673336538,-0.010871836593101702,0.04218995960436239,-0.06550979673336538,-0.010871836593101702,0.04218995960436239
2025,670156,61,0.055268069033576894,-0.03440878668804864,0.02994842319621782,0.1216802804288783,-0.03440878668804864,0.02994842319621782,0.1216802804288783
2025,670223,80,-0.025804148820021827,-0.0200942317481345,0.06047211652772555,0.15317283950617283,-0.0200942317481345,0.06047211652772555,0.15317283950617283
2025,670224,77,0.14719424460431652,-0.016788080222456453,0.10482446830607589,0.3355263157894737,-0.016788080222456453,0.10482446830607589,0.3355263157894737
2025,670231,68,-0.002562846316415346,-0.05516448406677482,0.0010701288190349545,0.0641548662367386,-0.05516448406677482,0.0010701288190349545,0.0641548662367386
2025,670242,88,-0.04539978715827164,-0.07286914765906366,-0.024305712523779,0.03733620656274128,-0.07286914765906366,-0.024305712523779,0.03733620656274128
2025,670541,92,-0.015371681878642351,-0.10777229460470147,-0.0396677078401701,0.012384297269206979,-0.10777229460470147,-0.0396677078401701,0.012384297269206979
2025,670623,97,0.023483289270083585,-0.07171864820036883,-0.024481962455076223,0.021777070403464105,-0.07171864820036883,-0.024481962455076223,0.021777070403464105
2025,670764,73,0.0370698740652472,-0.05480770401642654,0.002383910642570264,0.0760782434619644,-0.05480770401642654,0.002383910642570264,0.0760782434619644
2025,670770,102,0.00591519595645601,-0.07427892921403387,-0.02655296277572311,0.023996316180274355,-0.07427892921403387,-0.02655296277572311,0.023996316180274355
2025,671056,86,0.04998266701819315,-0.034913891927353696,0.01910056869381882,0.09398556688718313,-0.034913891927353696,0.01910056869381882,0.09398556688718313
2025,671218,98,0.046066916380835654,-0.041885257978671486,0.019682944024557003,0.08466404886561951,-0.041885257978671486,0.019682944024557003,0.08466404886561951
2025,671221,79,-0.04321506461517988,-0.07286914765906366,-0.008490951443438755,0.05898257014076219,-0.07286914765906366,-0.008490951443438755,0.05898257014076219
2025,671277,85,0.0015467579462279946,-0.06729195224188966,-0.01215775254200524,0.027468626581008848,-0.06729195224188966,-0.01215775254200524,0.027468626581008848
2025,671289,71,0.020912145087093326,-0.0401602678042422,0.012404145099589259,0.06527092182298247,-0.0401602678042422,0.012404145099589259,0.06527092182298247
2025,671732,99,-0.0032490612797930196,-0.05337070974475606,-0.003604727495800153,0.04775335971486799,-0.05337070974475606,-0.003604727495800153,0.04775335971486799
2025,671739,90,-0.046011579097926913,-0.0699208104035639,-0.024481962455076223,0.026019588953114958,-0.0699208104035639,-0.024481962455076223,0.026019588953114958
2025,672016,76,0.0581406244499485,-0.06729195224188966,0.005474156455764045,0.06725595915244553,-0.06729195224188966,0.005474156455764045,0.06725595915244553
2025,672275,76,-0.007210285489794577,-0.07286914765906366,-0.006201656625675234,0.061873315363881354,-0.07286914765906366,-0.006201656625675234,0.061873315363881354
2025,672356,81,-0.025057751791139282,-0.041982292116219344,0.01317239159948097,0.07012475070216334,-0.041982292116219344,0.01317239159948097,0.07012475070216334
2025,672386,88,0.03417428271084255,-0.07946430179528247,-0.022871113190979286,0.026019588953114958,-0.07946430179528247,-0.022871113190979286,0.026019588953114958
2025,672515,76,0.045897638190335766,-0.08078654410015196,-0.02714094288327984,0.016454117088599396,-0.08078654410015196,-0.02714094288327984,0.016454117088599396
2025,672580,87,0.05411395394263124,-0.034782239387684766,0.016338987909385205,0.07012475070216334,-0.034782239387684766,0.016338987909385205,0.07012475070216334
2025,672640,94,-0.11398844564128258,-0.10954980701158412,-0.03367494890750705,0.02413646898600108,-0.10954980701158412,-0.03367494890750705,0.02413646898600108
2025,672695,100,0.07140164053090509,-0.04564545093489758,0.001066257056222597,0.04782627891555741,-0.04564545093489758,0.001066257056222597,0.04782627891555741
2025,672724,64,-0.10759347470294009,-0.07055789967182372,-0.014342435475962978,0.0337375265334513,-0.07055789967182372,-0.014342435475962978,0.0337375265334513
2025,672744,72,-0.0995396306670816,-0.09294560919998418,-0.031438968191525196,0.03940381737895787,-0.09294560919998418,-0.031438968191525196,0.03940381737895787
2025,672761,86,-0.02477633477633484,-0.041885257978671486,0.008146678610532143,0.06466840424367515,-0.041885257978671486,0.008146678610532143,0.06466840424367515
2025,672820,81,0.0704533505804581,-0.02784066860310372,0.02301368011534638,0.09592780487658814,-0.02784066860310372,0.02301368011534638,0.09592780487658814
2025,673237,86,0.011722518303066753,-0.07946430179528247,-0.02648352410763516,0.029463553171996948,-0.07946430179528247,-0.02648352410763516,0.029463553171996948
2025,673357,92,-0.017266592066221997,-0.06901260504201678,-0.018253039987419395,0.02705188140349266,-0.06901260504201678,-0.018253039987419395,0.02705188140349266
2025,673490,84,-0.03895815614756509,-0.07427892921403387,-0.02029390736470793,0.026019588953114958,-0.07427892921403387,-0.02029390736470793,0.026019588953114958
2025,673548,99,-0.03068874764247992,-0.060145059838509374,-0.014706600222414101,0.04775335971486799,-0.060145059838509374,-0.014706600222414101,0.04775335971486799
2025,673962,86,-0.01796525830136586,-0.06227253402310401,-0.010617801980015773,0.04219747668480356,-0.06227253402310401,-0.010617801980015773,0.04219747668480356
2025,676059,94,0.02815386864050079,-0.04990169899204966,-0.004384451217915142,0.03742486589810309,-0.04990169899204966,-0.004384451217915142,0.03742486589810309
2025,676391,73,0.012764818382535514,-0.08414745219857009,-0.03176453980801808,0.01967999200531345,-0.08414745219857009,-0.03176453980801808,0.01967999200531345
2025,676475,73,0.05551785500806106,-0.08386068289832443,-0.03516602274951364,0.028385675720042025,-0.08386068289832443,-0.03516602274951364,0.028385675720042025
2025,676572,87,-0.009177439063605353,-0.04074424586563774,0.012821611194065163,0.0641548662367386,-0.04074424586563774,0.012821611194065163,0.0641548662367386
2025,676609,74,0.02808321515524065,-0.0747566127750052,-0.017332956499076374,0.05707672055832813,-0.0747566127750052,-0.017332956499076374,0.05707672055832813
2025,676694,81,0.06506135727572948,-0.04706400469759253,0.00576140794518315,0.06664539727524604,-0.04706400469759253,0.00576140794518315,0.06664539727524604
2025,676801,52,-0.08739979299189826,-0.07482044240523669,-0.01795157150202431,0.04314729953024715,-0.07482044240523669,-0.01795157150202431,0.04314729953024715
2025,676914,59,0.03901642795400406,-0.09194010627902799,-0.036116140722095846,0.026019588953114958,-0.09194010627902799,-0.036116140722095846,0.026019588953114958
2025,677008,67,-0.09391522366522362,-0.07478645066273926,-0.018501062213583497,0.0337375265334513,-0.07478645066273926,-0.018501062213583497,0.0337375265334513
2025,677347,70,-0.0095927121633336,-0.009375000000000022,0.06466840424367515,0.1577193349465526,-0.009375000000000022,0.06466840424367515,0.1577193349465526
2025,677587,72,0.0023268307004228883,-0.05542327944167186,0.008356028182998576,0.07502131287297525,-0.05542327944167186,0.008356028182998576,0.07502131287297525
2025,677588,72,0.044790313213638855,-0.04615661277500521,0.0105816194504334,0.0760782434619644,-0.04615661277500521,0.0105816194504334,0.0760782434619644
2025,677594,100,0.004322696179266838,-0.06875273810203808,-0.018316525130450456,0.024000629317697586,-0.06875273810203808,-0.018316525130450456,0.024000629317697586
2025,677595,81,0.02826365969930328,-0.04386521852463965,0.010941296259265043,0.07004313198572668,-0.04386521852463965,0.010941296259265043,0.07004313198572668
2025,677649,55,-0.0357422860735751,-0.06914032126245911,-0.0063781758168448555,0.05954071341732986,-0.06914032126245911,-0.0063781758168448555,0.05954071341732986
2025,677800,84,-0.03579784467246705,-0.06445310361775253,-0.01655331648237207,0.032956210774976846,-0.06445310361775253,-0.01655331648237207,0.032956210774976846
2025,677942,83,0.030490331491712708,-0.05291058769926405,-0.0014100454330413514,0.060735785953177246,-0.05291058769926405,-0.0014100454330413514,0.060735785953177246
2025,677950,80,0.00602461507531471,-0.037858321193115496,0.018639678707755125,0.07199976487679127,-0.037858321193115496,0.018639678707755125,0.07199976487679127
2025,677951,95,-0.0033398748152704827,-0.06445310361775253,-0.021510281692405264,0.02596607108074106,-0.06445310361775253,-0.021510281692405264,0.02596607108074106
2025,678009,89,-0.035176538326944895,-0.07189696934836515,-0.019200032928616773,0.028385675720042025,-0.07189696934836515,-0.019200032928616773,0.028385675720042025
2025,678246,90,0.07805961031537423,-0.044638965716181644,0.01717767151882052,0.10121138751169712,-0.044638965716181644,0.01717767151882052,0.10121138751169712
2025,678554,55,0.02701298801842278,-0.04519075500862016,0.018057252583841166,0.09501647429623489,-0.04519075500862016,0.018057252583841166,0.09501647429623489
2025,678662,97,-0.011381339203949625,-0.04937852027080819,0.0003698566805362402,0.0582817147511272,-0.04937852027080819,0.0003698566805362402,0.0582817147511272
2025,678877,57,-0.12097537878787876,-0.0994611097117944,-0.038095238095238126,0.029545260866771172,-0.0994611097117944,-0.038095238095238126,0.029545260866771172
2025,678882,86,0.01625575070233992,-0.05815839234956882,-0.004589656783946794,0.042472056166974304,-0.05815839234956882,-0.004589656783946794,0.042472056166974304
2025,679032,68,-0.09006400820652669,-0.0747566127750052,-0.017408364045658986,0.054100530082137666,-0.0747566127750052,-0.017408364045658986,0.054100530082137666
2025,679529,97,0.023348018391673886,-0.04423117655911074,0.01112582777746185,0.06466840424367515,-0.04423117655911074,0.01112582777746185,0.06466840424367515
2025,679845,71,-0.009474282466609862,-0.05815839234956882,-0.0035242181068124157,0.04384688072907832,-0.05815839234956882,-0.0035242181068124157,0.04384688072907832
2025,680574,94,-0.08946853781407427,-0.08988394061459232,-0.03716714589829523,0.01883615154723345,-0.08988394061459232,-0.03716714589829523,0.01883615154723345
2025,680718,70,0.054749381836469546,-0.035858920558460794,0.02176041666666667,0.07786310553485398,-0.035858920558460794,0.02176041666666667,0.07786310553485398
2025,680728,74,-0.07422867513611608,-0.10299580872547148,-0.043710608930787154,0.020274851122308757,-0.10299580872547148,-0.043710608930787154,0.020274851122308757
2025,680757,99,-0.04135811622896207,-0.07055789967182372,-0.01786198516815729,0.026324817805480794,-0.07055789967182372,-0.01786198516815729,0.026324817805480794
2025,680776,105,0.007010700635210865,-0.07823027847081049,-0.029585912926567426,0.01798830557055786,-0.07823027847081049,-0.029585912926567426,0.01798830557055786
2025,680777,89,0.007129793803221762,-0.06086888040045335,-0.01452198062171306,0.02596607108074106,-0.06086888040045335,-0.01452198062171306,0.02596607108074106
2025,680779,73,-0.03870655859292224,-0.018253039987419395,0.031294472427095155,0.10560949512562418,-0.018253039987419395,0.031294472427095155,0.10560949512562418
2025,680977,93,-0.02272885618573861,-0.060145059838509374,-0.00932393575987095,0.04138182028172338,-0.060145059838509374,-0.00932393575987095,0.04138182028172338
2025,681082,94,0.0023760051711825825,-0.07286914765906366,-0.01954227006784004,0.03793372657876476,-0.07286914765906366,-0.01954227006784004,0.03793372657876476
2025,681146,76,-0.06391158804512959,-0.0762566127750052,-0.009889251738690708,0.06047211652772555,-0.0762566127750052,-0.009889251738690708,0.06047211652772555
2025,681297,85,-0.014826904361788018,-0.0487044127188645,0.018057252583841166,0.07275942064727942,-0.0487044127188645,0.018057252583841166,0.07275942064727942
2025,681351,81,-0.06176261868866095,-0.05809039924482201,-0.003731850348064336,0.04698021649869355,-0.05809039924482201,-0.003731850348064336,0.04698021649869355
2025,681393,83,-0.0031936351411922526,-0.06931765961340641,-0.01304004297664868,0.04584244466209614,-0.06931765961340641,-0.01304004297664868,0.04584244466209614
2025,681460,70,0.0601171875,-0.0358713085799891,0.020310565516659357,0.08556612411957548,-0.0358713085799891,0.020310565516659357,0.08556612411957548
2025,681481,77,-0.028182120781340136,-0.0766116213352172,-0.02589222925696899,0.024812965594101843,-0.0766116213352172,-0.02589222925696899,0.024812965594101843
2025,681546,71,-0.11870909015895761,-0.1007660455486542,-0.038095238095238126,0.02638158907233712,-0.1007660455486542,-0.038095238095238126,0.02638158907233712
2025,681624,80,0.027328661295662693,-0.0747566127750052,-0.023299687190159568,0.03760315318137836,-0.0747566127750052,-0.023299687190159568,0.03760315318137836
2025,681715,66,0.05212074025897284,-0.03440878668804864,0.019682944024557003,0.0721164106598587,-0.03440878668804864,0.019682944024557003,0.0721164106598587
2025,681807,54,-0.07129497668845913,-0.0994611097117944,-0.038095238095238126,0.03514676113360321,-0.0994611097117944,-0.038095238095238126,0.03514676113360321
2025,681962,55,-0.04167989417989415,-0.05582363450452446,0.018057252583841166,0.10604702989219525,-0.05582363450452446,0.018057252583841166,0.10604702989219525
2025,682177,65,-0.029606053633969842,-0.0381550691144007,0.01978526665028263,0.08017115709020617,-0.0381550691144007,0.01978526665028263,0.08017115709020617
2025,682622,88,0.038146996524703214,-0.045439820935729014,0.010071840489878692,0.06540573766387858,-0.045439820935729014,0.010071840489878692,0.06540573766387858
2025,682626,88,0.06251484143985858,-0.08070192987760696,-0.02648352410763516,0.028385675720042025,-0.08070192987760696,-0.02648352410763516,0.028385675720042025
2025,682641,72,0.07632727854582694,-0.056223989567377064,0.005855501236055882,0.06536638704210097,-0.056223989567377064,0.005855501236055882,0.06536638704210097
2025,682653,86,-0.08290875826610086,-0.05815839234956882,0.011896981996236622,0.07045091143219799,-0.05815839234956882,0.011896981996236622,0.07045091143219799
2025,682657,75,-0.015094797178130503,-0.06542327944167187,0.00497469246600224,0.06540573766387858,-0.06542327944167187,0.00497469246600224,0.06540573766387858
2025,682663,91,0.00967627574750457,-0.030945266685602508,0.026051079532687094,0.0894416375178132,-0.030945266685602508,0.026051079532687094,0.0894416375178132
2025,682668,76,-0.18468286099865044,-0.14158163265306128,-0.05024588004613334,0.005766003271399811,-0.14158163265306128,-0.05024588004613334,0.005766003271399811
2025,682829,96,0.004419282511441969,-0.0621171387397732,-0.009647761859188086,0.03886703186447671,-0.0621171387397732,-0.009647761859188086,0.03886703186447671
2025,682928,97,0.01024883687195538,-0.045877375156571254,-0.0013459099142866249,0.05068931314108094,-0.045877375156571254,-0.0013459099142866249,0.05068931314108094
2025,682985,94,0.007568244189157025,-0.08332765374481915,-0.034232180117116484,0.02994842319621782,-0.08332765374481915,-0.034232180117116484,0.02994842319621782
2025,682998,105,0.009154775091889833,-0.04937852027080819,0.002012596415266965,0.0582817147511272,-0.04937852027080819,0.002012596415266965,0.0582817147511272
2025,683002,93,-0.00411925630552068,-0.06950677406240485,-0.024305712523779,0.02335801879280136,-0.06950677406240485,-0.024305712523779,0.02335801879280136
2025,683011,92,-0.011442937128833264,-0.045493923935117475,0.007750813329816197,0.06631803079226911,-0.045493923935117475,0.007750813329816197,0.06631803079226911
2025,683146,72,0.05585064438137893,-0.03440878668804864,0.023903508771929843,0.08466404886561951,-0.03440878668804864,0.023903508771929843,0.08466404886561951
2025,683734,91,0.017982478735468987,-0.06086888040045335,-0.009889251738690708,0.04218995960436239,-0.06086888040045335,-0.009889251738690708,0.04218995960436239
2025,683737,86,0.07346295992202906,-0.0414692879851421,0.021572485315408896,0.08911312633869073,-0.0414692879851421,0.021572485315408896,0.08911312633869073
2025,683766,71,0.0537158915938431,-0.045439820935729014,0.011413107506304254,0.06688962202612617,-0.045439820935729014,0.011413107506304254,0.06688962202612617
2025,686217,92,0.025354392030754846,-0.05542327944167186,-0.004267887909143564,0.0534324309212072,-0.05542327944167186,-0.004267887909143564,0.0534324309212072
2025,686469,91,0.020514255935398684,-0.07932743662539302,-0.029688479263348277,0.026019588953114958,-0.07932743662539302,-0.029688479263348277,0.026019588953114958
2025,686527,69,0.07819420767629548,-0.04074424586563774,0.01910056869381882,0.07786310553485398,-0.04074424586563774,0.01910056869381882,0.07786310553485398
2025,686555,60,0.19285215691749266,-0.016788080222456453,0.10320253795759754,0.3020833333333333,-0.016788080222456453,0.10320253795759754,0.3020833333333333
2025,686611,83,0.004914930780178517,-0.045439820935729014,0.014945564358862906,0.07786310553485398,-0.045439820935729014,0.014945564358862906,0.07786310553485398
2025,686668,94,-0.01595083082458343,-0.04937852027080819,0.002012596415266965,0.056045472611840695,-0.04937852027080819,0.002012596415266965,0.056045472611840695
2025,686681,84,-0.027259536281000696,-0.07932743662539302,-0.028560497369679583,0.027468626581008848,-0.07932743662539302,-0.028560497369679583,0.027468626581008848
2025,686780,84,-0.0014342381582017616,-0.06227253402310401,0.00497469246600224,0.0717555543523381,-0.06227253402310401,0.00497469246600224,0.0717555543523381
2025,686797,81,0.028673680579510197,-0.03590213320870554,0.02176041666666667,0.08571701674694632,-0.03590213320870554,0.02176041666666667,0.08571701674694632
2025,686948,68,0.06722351686617428,-0.03440878668804864,0.01978526665028263,0.07199976487679127,-0.03440878668804864,0.01978526665028263,0.07199976487679127
2025,687221,69,-0.03426534741338766,-0.05177010489510486,0.01317239159948097,0.07275942064727942,-0.05177010489510486,0.01317239159948097,0.07275942064727942
2025,687231,91,-0.008711251435132072,-0.035489299549120445,0.02431849257612617,0.09620884669437021,-0.035489299549120445,0.02431849257612617,0.09620884669437021
2025,687263,93,0.015076490602232095,-0.04742372643883541,0.0010527175972074865,0.055388748727356996,-0.04742372643883541,0.0010527175972074865,0.055388748727356996
2025,687363,86,0.028270194251560188,-0.045439820935729014,0.029545260866771172,0.10604702989219525,-0.045439820935729014,0.029545260866771172,0.10604702989219525
2025,687401,87,0.018806347859406047,-0.04615661277500521,0.007266867835228175,0.079734771225348,-0.04615661277500521,0.007266867835228175,0.079734771225348
2025,687462,85,0.03272218839501162,-0.07189696934836515,-0.01954227006784004,0.023528750874509074,-0.07189696934836515,-0.01954227006784004,0.023528750874509074
2025,687515,57,-0.0020529024102450277,-0.06729195224188966,0.017433827483403053,0.0721496518696844,-0.06729195224188966,0.017433827483403053,0.0721496518696844
2025,687597,83,0.06360915951079887,-0.02334307894041876,0.042822334593415834,0.11568731254335318,-0.02334307894041876,0.042822334593415834,0.11568731254335318
2025,687637,84,-0.011996808580566287,-0.03838089984500731,0.01714380457610254,0.07605820203980962,-0.03838089984500731,0.01714380457610254,0.07605820203980962
2025,687859,56,0.06188290840056582,-0.04045112434742043,0.014906069253895371,0.0701814339274563,-0.04045112434742043,0.014906069253895371,0.0701814339274563
2025,688363,74,0.1596590909090909,-0.04589252646172315,0.044760506991573926,0.1664417991865331,-0.04589252646172315,0.044760506991573926,0.1664417991865331
2025,689414,73,0.040821400464057855,-0.06174266123797716,0.001066257056222597,0.06725595915244553,-0.06174266123797716,0.001066257056222597,0.06725595915244553
2025,690022,81,0.008757908400565784,-0.07055789967182372,-0.011816358963098073,0.06368259049072528,-0.07055789967182372,-0.011816358963098073,0.06368259049072528
2025,690987,81,-0.02204209159943421,-0.04615661277500521,0.007750813329816197,0.06499019076819906,-0.04615661277500521,0.007750813329816197,0.06499019076819906
2025,690993,74,0.03195152533965334,-0.07427892921403387,-0.010871836593101702,0.037245396233872075,-0.07427892921403387,-0.010871836593101702,0.037245396233872075
2025,691016,94,0.0641406125539633,-0.0334338329449797,0.029545260866771172,0.10320253795759754,-0.0334338329449797,0.029545260866771172,0.10320253795759754
2025,691019,82,0.08433930374940302,-0.037858321193115496,0.01884291198447402,0.09009501097736386,-0.037858321193115496,0.01884291198447402,0.09009501097736386
2025,691023,90,-0.02924229288008423,-0.06931765961340641,-0.01304004297664868,0.04587642247048718,-0.06931765961340641,-0.01304004297664868,0.04587642247048718
2025,691026,92,0.005491158207446667,-0.044638965716181644,0.019273668891570117,0.07951261799422554,-0.044638965716181644,0.019273668891570117,0.07951261799422554
2025,691176,87,-0.030847959615412646,-0.07919099925843537,-0.028920498318541987,0.01883615154723345,-0.07919099925843537,-0.028920498318541987,0.01883615154723345
2025,691182,74,0.04980392156862745,-0.019395672636827788,0.061155993773786166,0.15866666666666665,-0.019395672636827788,0.061155993773786166,0.15866666666666665
2025,691406,88,0.07520835743564963,-0.04074424586563774,0.008146678610532143,0.0641548662367386,-0.04074424586563774,0.008146678610532143,0.0641548662367386
2025,691594,75,0.029861111111111116,-0.05542327944167186,0.00497469246600224,0.06368259049072528,-0.05542327944167186,0.00497469246600224,0.06368259049072528
2025,691718,95,0.10175993628363825,-0.016788080222456453,0.03792178190191886,0.1255681818181818,-0.016788080222456453,0.03792178190191886,0.1255681818181818
2025,691720,83,-0.027543461462447905,-0.05411348996588894,0.00022410007913137298,0.060735785953177246,-0.05411348996588894,0.00022410007913137298,0.060735785953177246
2025,691723,74,0.16133399209486166,-0.015500000000000014,0.10121138751169712,0.3020833333333333,-0.015500000000000014,0.10121138751169712,0.3020833333333333
2025,691777,80,0.016311865235098144,-0.04574384771464307,0.011896981996236622,0.06952882374769936,-0.04574384771464307,0.011896981996236622,0.06952882374769936
2025,691781,94,-0.06179764715498978,-0.0358713085799891,0.015303216284823895,0.07803196347031968,-0.0358713085799891,0.015303216284823895,0.07803196347031968
2025,691785,69,0.005026565116983739,-0.04074424586563774,0.018057252583841166,0.07199976487679127,-0.04074424586563774,0.018057252583841166,0.07199976487679127
2025,692216,79,0.06638502704463362,-0.044638965716181644,0.01317239159948097,0.07004313198572668,-0.044638965716181644,0.01317239159948097,0.07004313198572668
2025,692225,91,-0.03656372902633481,-0.03440878668804864,0.020346279911009957,0.08017115709020617,-0.03440878668804864,0.020346279911009957,0.08017115709020617
2025,692585,62,0.008169673106448117,-0.07980611435088814,-0.01304004297664868,0.05954071341732986,-0.07980611435088814,-0.01304004297664868,0.05954071341732986
2025,693304,93,-0.015993404557529678,-0.04748388989221427,0.003990432277953426,0.056083667183804364,-0.04748388989221427,0.003990432277953426,0.056083667183804364
2025,693307,82,0.11041050903119864,-0.024305712523779,0.029545260866771172,0.11468389000349977,-0.024305712523779,0.029545260866771172,0.11468389000349977
2025,694192,99,-0.010524727498771258,-0.07200323258719041,-0.024481962455076223,0.039126671911880406,-0.07200323258719041,-0.024481962455076223,0.039126671911880406
2025,694374,79,-0.02830502866237128,-0.03440878668804864,0.02155609451895124,0.0894416375178132,-0.03440878668804864,0.02155609451895124,0.0894416375178132
2025,694384,90,0.007804114490160996,-0.07055789967182372,-0.022277432712215328,0.029463553171996948,-0.07055789967182372,-0.022277432712215328,0.029463553171996948
2025,694497,75,-0.05192669521373222,-0.07489513168587092,-0.02538741789819371,0.023957497943465023,-0.07489513168587092,-0.02538741789819371,0.023957497943465023
2025,694671,92,0.006224134134210135,-0.0494888137233786,-0.003604727495800153,0.04561507084585664,-0.0494888137233786,-0.003604727495800153,0.04561507084585664
2025,695238,74,-0.024651162790697678,-0.0935299388572633,-0.035755075727901875,0.020036870740760215,-0.0935299388572633,-0.035755075727901875,0.020036870740760215
2025,695336,74,0.043059440559440554,-0.040665746272640024,0.01320132928592782,0.079734771225348,-0.040665746272640024,0.01320132928592782,0.079734771225348
2025,695506,87,-0.041242091599434205,-0.03970767583195489,0.022130857813511817,0.09009501097736386,-0.03970767583195489,0.022130857813511817,0.09009501097736386
2025,695578,95,0.009312710196046237,-0.0621171387397732,-0.009647761859188086,0.04464233607719398,-0.0621171387397732,-0.009647761859188086,0.04464233607719398
2025,695657,81,0.07534206681640737,-0.026644518272425255,0.02413646898600108,0.08466404886561951,-0.026644518272425255,0.02413646898600108,0.08466404886561951
2025,695681,84,-0.004242091599434228,-0.04615661277500521,0.007750813329816197,0.07605820203980962,-0.04615661277500521,0.007750813329816197,0.07605820203980962
2025,695734,80,0.10820235284501023,-0.0401602678042422,0.011896981996236622,0.07199976487679127,-0.0401602678042422,0.011896981996236622,0.07199976487679127
2025,696030,70,-0.013411902920188956,-0.03970767583195489,0.019273668891570117,0.10320253795759754,-0.03970767583195489,0.019273668891570117,0.10320253795759754
2025,696100,91,0.10198645605539941,-0.03566820453573055,0.02220788432763099,0.079734771225348,-0.03566820453573055,0.02220788432763099,0.079734771225348
2025,696285,81,-0.027487257929569686,-0.07024910576947668,-0.01612791947052611,0.037245396233872075,-0.07024910576947668,-0.01612791947052611,0.037245396233872075
2025,700242,73,-0.036819110114165166,-0.04615661277500521,0.007353740901506839,0.07004313198572668,-0.04615661277500521,0.007353740901506839,0.07004313198572668
2025,700250,93,0.07021443447406983,-0.029186799915606687,0.02413646898600108,0.09574933077171843,-0.029186799915606687,0.02413646898600108,0.09574933077171843
2025,700337,82,0.014365385036079814,-0.04574384771464307,0.012119215781341314,0.07199976487679127,-0.04574384771464307,0.012119215781341314,0.07199976487679127
2025,700932,89,0.018752913752913714,-0.05177010489510486,0.0036821639638722203,0.06047211652772555,-0.05177010489510486,0.0036821639638722203,0.06047211652772555
2025,701350,87,0.11593383432649174,-0.03440878668804864,0.018944280082137666,0.07199976487679127,-0.03440878668804864,0.018944280082137666,0.07199976487679127
2025,701358,80,0.01505330791630427,-0.03838089984500731,0.016338987909385205,0.07934823796892765,-0.03838089984500731,0.016338987909385205,0.07934823796892765
2025,701538,93,-0.03908759380040672,-0.0649321524413437,-0.01995917817042564,0.024000629317697586,-0.0649321524413437,-0.01995917817042564,0.024000629317697586
2025,701762,81,0.16890642325205096,-0.041982292116219344,0.017433827483403053,0.08466404886561951,-0.041982292116219344,0.017433827483403053,0.08466404886561951
2025,702176,71,-0.06258355501406834,-0.07055789967182372,0.0006630302487268258,0.07011658883051972,-0.07055789967182372,0.0006630302487268258,0.07011658883051972
2025,702284,78,0.004238134389266346,-0.05694800957772156,0.006751613688953828,0.07605820203980962,-0.05694800957772156,0.006751613688953828,0.07605820203980962
2025,702332,80,0.05309753104207521,-0.06542327944167187,-0.003277506259927565,0.07186310189856077,-0.06542327944167187,-0.003277506259927565,0.07186310189856077
2025,702616,79,0.04454025912359244,-0.03440878668804864,0.02301368011534638,0.10121138751169712,-0.03440878668804864,0.02301368011534638,0.10121138751169712
2025,802415,88,0.02466048719712738,-0.06941699013349575,-0.006201656625675234,0.061873315363881354,-0.06941699013349575,-0.006201656625675234,0.061873315363881354
2025,805249,86,0.02807609021874763,-0.02959203896018192,0.018944280082137666,0.07400295258579831,-0.02959203896018192,0.018944280082137666,0.07400295258579831
2025,805300,85,0.033420070562727944,-0.02807455609787335,0.031294472427095155,0.10482446830607589,-0.02807455609787335,0.031294472427095155,0.10482446830607589
2025,805367,92,0.00949320251821284,-0.05411348996588894,0.008146678610532143,0.07502131287297525,-0.05411348996588894,0.008146678610532143,0.07502131287297525
2025,805373,85,0.1526127049180328,-0.015500000000000014,0.09592780487658814,0.1799352750809061,-0.015500000000000014,0.09592780487658814,0.1799352750809061
2025,805779,86,0.07771029525499296,-0.045439820935729014,0.01910056869381882,0.07502131287297525,-0.045439820935729014,0.01910056869381882,0.07502131287297525
2025,807712,90,0.06474081438347179,-0.03594837015178021,0.019273668891570117,0.07786310553485398,-0.03594837015178021,0.019273668891570117,0.07786310553485398
2025,807713,85,0.024647121228554114,-0.06227253402310401,0.005810752253727847,0.07502131287297525,-0.06227253402310401,0.005810752253727847,0.07502131287297525
2025,807799,81,-0.02544529272731738,-0.07650511876715357,-0.02375896117694898,0.026324817805480794,-0.07650511876715357,-0.02375896117694898,0.026324817805480794
2025,808975,66,-0.03347510130817205,-0.057630525407338096,0.02258359341056182,0.0891048578076459,-0.057630525407338096,0.02258359341056182,0.0891048578076459
2025,808982,94,0.01433914146960491,-0.04288705563561179,0.016454117088599396,0.07786310553485398,-0.04288705563561179,0.016454117088599396,0.07786310553485398
2025,810938,86,-0.0012420915994341697,-0.044638965716181644,0.01320132928592782,0.07275942064727942,-0.044638965716181644,0.01320132928592782,0.07275942064727942
