season,pitcher,bf_22g,k_22g,bb_22g,hr_22g,runs_allowed_22g,outs_22g,ip_22g,k_rate_22g,bb_rate_22g,hr_rate_22g,ra9_22g,pitch_count_22g,swings_22g,whiffs_22g,in_zone_22g,swing_rate_22g,whiff_per_swing_22g,zone_rate_22g,bbe_22g,ev_p90_allowed_22g,hardhit_allowed_22g,hardhit_allowed_rate_22g,pitches_per_bf_22g,league_pitcher_k_rate,league_pitcher_bb_rate,league_pitcher_ra9,preseason_prior_k_rate,preseason_prior_bb_rate,bf_cutoff,ip_cutoff,k_rate_cutoff,starts_cutoff,player,known_2025_closer,named_r1_case
2026,695243,41,27,2,0,0,37.0,12.333333333333334,0.6585365853658537,0.04878048780487805,0.0,0.0,162,82,48,77,0.5061728395061729,0.5853658536585366,0.47530864197530864,30,94.02,3,0.1,3.951219512195122,0.22177921482096433,0.08387040394992681,4.503987453440502,0.3914778668880181,0.10632926844154733,41,12.333333333333334,0.6585365853658537,0,Mason Miller,True,True
2026,656546,57,24,6,2,11,33.0,11.0,0.42105263157894735,0.10526315789473684,0.03508771929824561,9.0,223,115,46,94,0.515695067264574,0.4,0.42152466367713004,55,97.26,8,0.14545454545454545,3.912280701754386,0.22177921482096433,0.08387040394992681,4.503987453440502,0.31559248500037973,0.08183989804055593,57,11.0,0.42105263157894735,0,Jeff Hoffman,True,False
2026,686973,46,19,3,0,4,39.0,13.0,0.41304347826086957,0.06521739130434782,0.0,2.769230769230769,203,92,25,98,0.45320197044334976,0.2717391304347826,0.4827586206896552,59,97.72,10,0.1694915254237288,4.413043478260869,0.22177921482096433,0.08387040394992681,4.503987453440502,0.23670177530471648,0.06834222078629701,46,13.0,0.41304347826086957,0,Louis Varland,False,False
2026,681870,45,17,5,1,5,34.0,11.333333333333334,0.37777777777777777,0.1111111111111111,0.022222222222222223,3.9705882352941173,196,95,31,105,0.4846938775510204,0.3263157894736842,0.5357142857142857,54,101.2,10,0.18518518518518517,4.355555555555555,0.22177921482096433,0.08387040394992681,4.503987453440502,0.37092586133395344,0.1334534744022013,45,11.333333333333334,0.37777777777777777,0,Erik Sabrowski,False,False
2026,663738,35,13,3,0,3,28.0,9.333333333333334,0.37142857142857144,0.08571428571428572,0.0,2.892857142857143,126,62,27,58,0.49206349206349204,0.43548387096774194,0.4603174603174603,31,97.7,6,0.1935483870967742,3.6,0.22177921482096433,0.08387040394992681,4.503987453440502,0.1766354007056806,0.08370263247911307,35,9.333333333333334,0.37142857142857144,0,Daniel Lynch,False,False
2026,662253,46,17,5,2,7,31.0,10.333333333333334,0.3695652173913043,0.10869565217391304,0.043478260869565216,6.096774193548387,196,93,36,84,0.4744897959183674,0.3870967741935484,0.42857142857142855,48,102.36,16,0.3333333333333333,4.260869565217392,0.22177921482096433,0.08387040394992681,4.503987453440502,0.3257964735133547,0.10923147659567929,46,10.333333333333334,0.3695652173913043,0,Andrés Muñoz,True,False
2026,642397,47,17,6,1,3,35.0,11.666666666666666,0.3617021276595745,0.1276595744680851,0.02127659574468085,2.3142857142857145,199,76,21,99,0.38190954773869346,0.27631578947368424,0.49748743718592964,51,96.8,6,0.11764705882352941,4.23404255319149,0.22177921482096433,0.08387040394992681,4.503987453440502,0.25797539804452246,0.09457698778436106,47,11.666666666666666,0.3617021276595745,0,Gregory Soto,False,False
2026,664991,45,16,1,0,3,30.0,10.0,0.35555555555555557,0.022222222222222223,0.0,2.7,173,80,20,84,0.4624277456647399,0.25,0.48554913294797686,53,100.48,10,0.18867924528301888,3.8444444444444446,0.22177921482096433,0.08387040394992681,4.503987453440502,0.23308270676691728,0.11278195488721802,45,10.0,0.35555555555555557,0,Grant Wolfram,False,False
2026,605447,31,11,4,1,5,19.0,6.333333333333333,0.3548387096774194,0.12903225806451613,0.03225806451612903,7.105263157894737,144,60,23,61,0.4166666666666667,0.38333333333333336,0.4236111111111111,34,102.3,11,0.3235294117647059,4.645161290322581,0.22177921482096433,0.08387040394992681,4.503987453440502,0.24719682594445405,0.08357771260997067,31,6.333333333333333,0.3548387096774194,0,Jordan Romano,False,False
2026,628452,31,11,1,0,0,26.0,8.666666666666666,0.3548387096774194,0.03225806451612903,0.0,0.0,120,75,26,65,0.625,0.3466666666666667,0.5416666666666666,39,101.76,8,0.20512820512820512,3.870967741935484,0.22177921482096433,0.08387040394992681,4.503987453440502,0.2750292609843172,0.05949412129187409,31,8.666666666666666,0.3548387096774194,0,Raisel Iglesias,True,False
2026,676775,31,11,1,0,1,26.0,8.666666666666666,0.3548387096774194,0.03225806451612903,0.0,1.0384615384615385,124,62,20,57,0.5,0.3225806451612903,0.4596774193548387,36,97.15,7,0.19444444444444445,4.0,0.22177921482096433,0.08387040394992681,4.503987453440502,0.2068093556623559,0.059295966272288614,31,8.666666666666666,0.3548387096774194,0,Keaton Winn,False,False
2026,669062,37,13,5,0,7,24.0,8.0,0.35135135135135137,0.13513513513513514,0.0,7.875,183,70,26,73,0.3825136612021858,0.37142857142857144,0.3989071038251366,39,101.10000000000002,6,0.15384615384615385,4.945945945945946,0.22177921482096433,0.08387040394992681,4.503987453440502,0.2316363458528951,0.14627347417840375,37,8.0,0.35135135135135137,0,Erik Miller,False,False
2026,669711,43,15,4,3,10,29.0,9.666666666666666,0.3488372093023256,0.09302325581395349,0.06976744186046512,9.310344827586208,177,82,18,82,0.4632768361581921,0.21951219512195122,0.4632768361581921,49,101.12,11,0.22448979591836735,4.116279069767442,0.22177921482096433,0.08387040394992681,4.503987453440502,0.22099579421879356,0.07939573845152895,43,9.666666666666666,0.3488372093023256,0,Greg Weissert,False,False
2026,656638,50,17,6,2,10,31.0,10.333333333333334,0.34,0.12,0.04,8.709677419354838,223,105,35,104,0.47085201793721976,0.3333333333333333,0.4663677130044843,62,103.92999999999999,16,0.25806451612903225,4.46,0.22177921482096433,0.08387040394992681,4.503987453440502,0.21494391025641027,0.1707780067155067,50,10.333333333333334,0.34,0,Alex Lange,False,False
2026,518585,39,13,7,2,6,24.0,8.0,0.3333333333333333,0.1794871794871795,0.05128205128205128,6.75,162,69,27,76,0.42592592592592593,0.391304347826087,0.4691358024691358,38,103.99000000000001,6,0.15789473684210525,4.153846153846154,0.22177921482096433,0.08387040394992681,4.503987453440502,0.36322475882237554,0.11535010877512081,39,8.0,0.3333333333333333,0,Fernando Cruz,False,False
2026,689296,46,15,2,2,7,36.0,12.0,0.32608695652173914,0.043478260869565216,0.043478260869565216,5.25,171,90,30,76,0.5263157894736842,0.3333333333333333,0.4444444444444444,48,101.56,11,0.22916666666666666,3.717391304347826,0.22177921482096433,0.08387040394992681,4.503987453440502,0.22177921482096433,0.08387040394992681,46,12.0,0.32608695652173914,0,Anthony Nunez,False,False
2026,676617,40,13,0,0,2,35.0,11.666666666666666,0.325,0.0,0.0,1.542857142857143,161,75,23,79,0.4658385093167702,0.30666666666666664,0.4906832298136646,47,103.62,14,0.2978723404255319,4.025,0.22177921482096433,0.08387040394992681,4.503987453440502,0.23128019323671495,0.1384057971014493,40,11.666666666666666,0.325,0,Riley O'Brien,False,False
2026,573009,41,13,3,1,5,29.0,9.666666666666666,0.3170731707317073,0.07317073170731707,0.024390243902439025,4.655172413793104,145,72,14,63,0.496551724137931,0.19444444444444445,0.43448275862068964,48,105.99000000000001,13,0.2708333333333333,3.5365853658536586,0.22177921482096433,0.08387040394992681,4.503987453440502,0.1747595835905538,0.060574292353705185,41,9.666666666666666,0.3170731707317073,0,Joe Mantiply,False,False
2026,642207,41,13,6,1,8,21.0,7.0,0.3170731707317073,0.14634146341463414,0.024390243902439025,10.285714285714286,168,80,25,76,0.47619047619047616,0.3125,0.4523809523809524,45,103.12,9,0.2,4.097560975609756,0.22177921482096433,0.08387040394992681,4.503987453440502,0.3828828828828829,0.11218848718848719,41,7.0,0.3170731707317073,0,Devin Williams,True,False
2026,670329,41,13,4,1,1,36.0,12.0,0.3170731707317073,0.0975609756097561,0.024390243902439025,0.75,157,71,25,85,0.45222929936305734,0.352112676056338,0.5414012738853503,42,96.42999999999999,5,0.11904761904761904,3.8292682926829267,0.22177921482096433,0.08387040394992681,4.503987453440502,0.22274387063119455,0.08356807511737091,41,12.0,0.3170731707317073,0,Rico Garcia,False,False
2026,694851,35,11,4,2,3,26.0,8.666666666666666,0.3142857142857143,0.11428571428571428,0.05714285714285714,3.1153846153846154,135,54,10,71,0.4,0.18518518518518517,0.5259259259259259,40,102.76,9,0.225,3.857142857142857,0.22177921482096433,0.08387040394992681,4.503987453440502,0.19672131147540983,0.16393442622950818,35,8.666666666666666,0.3142857142857143,0,Andrew Hoffmann,False,False
2026,656464,48,15,3,0,7,34.0,11.333333333333334,0.3125,0.0625,0.0,5.5588235294117645,187,93,26,84,0.49732620320855614,0.27956989247311825,0.44919786096256686,59,102.94,15,0.2542372881355932,3.8958333333333335,0.22177921482096433,0.08387040394992681,4.503987453440502,0.2566913135990814,0.08547738256928399,48,11.333333333333334,0.3125,0,Kevin Ginkel,False,False
2026,681895,32,10,3,0,4,19.0,6.333333333333333,0.3125,0.09375,0.0,5.684210526315789,136,58,13,62,0.4264705882352941,0.22413793103448276,0.45588235294117646,40,99.49000000000001,7,0.175,4.25,0.22177921482096433,0.08387040394992681,4.503987453440502,0.3125,0.125,32,6.333333333333333,0.3125,0,Evan Sisk,False,False
2026,801403,104,32,7,3,8,75.0,25.0,0.3076923076923077,0.0673076923076923,0.028846153846153848,2.88,424,218,61,222,0.5141509433962265,0.2798165137614679,0.5235849056603774,143,101.02,37,0.25874125874125875,4.076923076923077,0.22177921482096433,0.08387040394992681,4.503987453440502,0.18552036199095023,0.11085972850678734,104,25.0,0.3076923076923077,0,Chase Dollander,False,False
2026,623149,39,12,3,3,6,30.0,10.0,0.3076923076923077,0.07692307692307693,0.07692307692307693,5.4,149,81,17,89,0.5436241610738255,0.20987654320987653,0.5973154362416108,54,102.37,13,0.24074074074074073,3.8205128205128207,0.22177921482096433,0.08387040394992681,4.503987453440502,0.2700706304454631,0.07516260327505307,39,10.0,0.3076923076923077,0,Paul Sewald,False,False
2026,676534,39,12,8,0,6,24.0,8.0,0.3076923076923077,0.20512820512820512,0.0,6.75,158,56,16,71,0.35443037974683544,0.2857142857142857,0.44936708860759494,35,105.58,10,0.2857142857142857,4.051282051282051,0.22177921482096433,0.08387040394992681,4.503987453440502,0.23709503001412427,0.10078566384180791,39,8.0,0.3076923076923077,0,Calvin Faucher,True,False
2026,680742,26,8,1,0,4,17.0,5.666666666666667,0.3076923076923077,0.038461538461538464,0.0,6.352941176470588,113,52,16,51,0.46017699115044247,0.3076923076923077,0.45132743362831856,34,96.08,6,0.17647058823529413,4.346153846153846,0.22177921482096433,0.08387040394992681,4.503987453440502,0.21828814398687654,0.09795796771747373,26,5.666666666666667,0.3076923076923077,0,Jonathan Bowlan,False,False
2026,689520,26,8,2,0,2,19.0,6.333333333333333,0.3076923076923077,0.07692307692307693,0.0,2.8421052631578947,95,40,5,53,0.42105263157894735,0.125,0.5578947368421052,32,100.28999999999999,6,0.1875,3.6538461538461537,0.22177921482096433,0.08387040394992681,4.503987453440502,0.2692307692307692,0.0,26,6.333333333333333,0.3076923076923077,0,Cody Laweryson,False,False
2026,701719,26,8,4,0,0,20.0,6.666666666666667,0.3076923076923077,0.15384615384615385,0.0,0.0,102,34,5,50,0.3333333333333333,0.14705882352941177,0.49019607843137253,26,96.9,5,0.19230769230769232,3.923076923076923,0.22177921482096433,0.08387040394992681,4.503987453440502,0.22177921482096433,0.08387040394992681,26,6.666666666666667,0.3076923076923077,0,Tyler Samaniego,False,False
2026,681911,36,11,4,0,3,28.0,9.333333333333334,0.3055555555555556,0.1111111111111111,0.0,2.892857142857143,149,71,24,66,0.47651006711409394,0.3380281690140845,0.4429530201342282,42,97.24,7,0.16666666666666666,4.138888888888889,0.22177921482096433,0.08387040394992681,4.503987453440502,0.32546338765054,0.09896743736426716,36,9.333333333333334,0.3055555555555556,0,Alex Vesia,False,False
2026,693855,46,14,3,1,4,35.0,11.666666666666666,0.30434782608695654,0.06521739130434782,0.021739130434782608,3.085714285714286,184,88,31,89,0.4782608695652174,0.3522727272727273,0.483695652173913,51,101.9,14,0.27450980392156865,4.0,0.22177921482096433,0.08387040394992681,4.503987453440502,0.2644628099173554,0.07851239669421488,46,11.666666666666666,0.30434782608695654,0,Ian Seymour,False,False
2026,621242,33,10,5,1,6,18.0,6.0,0.30303030303030304,0.15151515151515152,0.030303030303030304,9.0,135,58,12,64,0.42962962962962964,0.20689655172413793,0.4740740740740741,39,98.96000000000001,9,0.23076923076923078,4.090909090909091,0.22177921482096433,0.08387040394992681,4.503987453440502,0.38304971638304974,0.08619730841953063,33,6.0,0.30303030303030304,0,Edwin Díaz,True,False
2026,676477,33,10,5,1,3,24.0,8.0,0.30303030303030304,0.15151515151515152,0.030303030303030304,3.375,141,68,14,72,0.48226950354609927,0.20588235294117646,0.5106382978723404,50,101.75,8,0.16,4.2727272727272725,0.22177921482096433,0.08387040394992681,4.503987453440502,0.26359589603722516,0.07582712316211666,33,8.0,0.30303030303030304,0,Garrett Whitlock,False,False
2026,664875,50,15,5,1,8,33.0,11.0,0.3,0.1,0.02,6.545454545454546,198,89,25,93,0.4494949494949495,0.2808988764044944,0.4696969696969697,54,103.48,14,0.25925925925925924,3.96,0.22177921482096433,0.08387040394992681,4.503987453440502,0.25227626838056283,0.11520225499286581,50,11.0,0.3,0,Justin Lawrence,False,False
2026,664854,40,12,7,0,3,26.0,8.666666666666666,0.3,0.175,0.0,3.1153846153846154,165,68,26,76,0.4121212121212121,0.38235294117647056,0.46060606060606063,41,100.9,11,0.2682926829268293,4.125,0.22177921482096433,0.08387040394992681,4.503987453440502,0.2917935303362092,0.0991042396993621,40,8.666666666666666,0.3,0,Ryan Helsley,True,False
2026,656271,47,14,4,0,3,36.0,12.0,0.2978723404255319,0.0851063829787234,0.0,2.25,200,93,27,99,0.465,0.2903225806451613,0.495,58,101.71000000000001,15,0.25862068965517243,4.25531914893617,0.22177921482096433,0.08387040394992681,4.503987453440502,0.2247239169099634,0.07270180207389511,47,12.0,0.2978723404255319,0,Brock Burke,False,False
2026,573204,37,11,4,2,4,26.0,8.666666666666666,0.2972972972972973,0.10810810810810811,0.05405405405405406,4.153846153846154,166,88,19,74,0.5301204819277109,0.2159090909090909,0.4457831325301205,60,96.69999999999999,10,0.16666666666666666,4.486486486486487,0.22177921482096433,0.08387040394992681,4.503987453440502,0.2617770475786116,0.07439532879415577,37,8.666666666666666,0.2972972972972973,0,Caleb Thielbar,False,False
2026,547973,27,8,3,0,3,19.0,6.333333333333333,0.2962962962962963,0.1111111111111111,0.0,4.2631578947368425,104,51,18,56,0.49038461538461536,0.35294117647058826,0.5384615384615384,31,103.2,9,0.2903225806451613,3.8518518518518516,0.22177921482096433,0.08387040394992681,4.503987453440502,0.38207363104731523,0.11139207868155236,27,6.333333333333333,0.2962962962962963,0,Aroldis Chapman,True,False
2026,668873,44,13,7,1,2,33.0,11.0,0.29545454545454547,0.1590909090909091,0.022727272727272728,1.6363636363636365,171,73,20,86,0.4269005847953216,0.273972602739726,0.5029239766081871,48,101.69,12,0.25,3.8863636363636362,0.22177921482096433,0.08387040394992681,4.503987453440502,0.14835858585858588,0.09638047138047139,44,11.0,0.29545454545454547,0,Caleb Kilian,False,False
2026,678022,41,12,3,0,4,28.0,9.333333333333334,0.2926829268292683,0.07317073170731707,0.0,3.8571428571428568,154,85,29,84,0.551948051948052,0.3411764705882353,0.5454545454545454,50,100.41000000000001,11,0.22,3.7560975609756095,0.22177921482096433,0.08387040394992681,4.503987453440502,0.22981366459627325,0.11180124223602486,41,9.333333333333334,0.2926829268292683,0,Jack Perkins,False,False
2026,622554,48,14,8,2,7,30.0,10.0,0.2916666666666667,0.16666666666666666,0.041666666666666664,6.3,208,83,23,97,0.39903846153846156,0.27710843373493976,0.46634615384615385,55,104.5,11,0.2,4.333333333333333,0.22177921482096433,0.08387040394992681,4.503987453440502,0.267618745850685,0.1090387723530477,48,10.0,0.2916666666666667,0,Seranthony Domínguez,False,False
2026,666171,55,16,6,0,5,38.0,12.666666666666666,0.2909090909090909,0.10909090909090909,0.0,3.5526315789473686,240,104,31,112,0.43333333333333335,0.2980769230769231,0.4666666666666667,59,99.14,10,0.1694915254237288,4.363636363636363,0.22177921482096433,0.08387040394992681,4.503987453440502,0.2834201388888889,0.1154513888888889,55,12.666666666666666,0.2909090909090909,0,Ryan Zeferjahn,False,False
2026,663574,45,13,6,2,3,34.0,11.333333333333334,0.28888888888888886,0.13333333333333333,0.044444444444444446,2.3823529411764706,174,77,15,83,0.4425287356321839,0.19480519480519481,0.47701149425287354,47,98.16,10,0.2127659574468085,3.8666666666666667,0.22177921482096433,0.08387040394992681,4.503987453440502,0.24339254700482302,0.1341785729414399,45,11.333333333333334,0.28888888888888886,0,Tony Santillan,False,False
2026,666661,45,13,3,1,3,35.0,11.666666666666666,0.28888888888888886,0.06666666666666667,0.022222222222222223,2.3142857142857145,180,90,29,92,0.5,0.32222222222222224,0.5111111111111111,59,103.9,12,0.2033898305084746,4.0,0.22177921482096433,0.08387040394992681,4.503987453440502,0.23529411764705882,0.13071895424836602,45,11.666666666666666,0.28888888888888886,0,Juan Morillo,False,False
2026,663969,63,18,9,0,0,43.0,14.333333333333334,0.2857142857142857,0.14285714285714285,0.0,0.0,253,101,37,102,0.39920948616600793,0.36633663366336633,0.4031620553359684,57,103.06,19,0.3333333333333333,4.015873015873016,0.22177921482096433,0.08387040394992681,4.503987453440502,0.1700745473908413,0.06204295349662761,63,14.333333333333334,0.2857142857142857,0,Tyler Phillips,False,False
2026,669199,56,16,7,2,5,40.0,13.333333333333334,0.2857142857142857,0.125,0.03571428571428571,3.375,233,112,39,100,0.48068669527896996,0.3482142857142857,0.4291845493562232,66,100.30000000000001,14,0.21212121212121213,4.160714285714286,0.22177921482096433,0.08387040394992681,4.503987453440502,0.262987987987988,0.10075075075075075,56,13.333333333333334,0.2857142857142857,0,Lake Bachar,False,False
2026,667297,49,14,5,1,7,33.0,11.0,0.2857142857142857,0.10204081632653061,0.02040816326530612,5.7272727272727275,171,83,17,86,0.4853801169590643,0.20481927710843373,0.5029239766081871,55,102.02,11,0.2,3.489795918367347,0.22177921482096433,0.08387040394992681,4.503987453440502,0.23189395232405985,0.07387495021903624,49,11.0,0.2857142857142857,0,Tommy Nance,False,False
2026,667463,42,12,5,1,3,33.0,11.0,0.2857142857142857,0.11904761904761904,0.023809523809523808,2.4545454545454546,153,65,17,63,0.42483660130718953,0.26153846153846155,0.4117647058823529,42,97.25,6,0.14285714285714285,3.642857142857143,0.22177921482096433,0.08387040394992681,4.503987453440502,0.13547495512771865,0.06101704745633244,42,11.0,0.2857142857142857,0,John King,False,False
2026,650556,46,13,13,4,12,24.0,8.0,0.2826086956521739,0.2826086956521739,0.08695652173913043,13.5,197,74,21,85,0.3756345177664975,0.28378378378378377,0.43147208121827413,46,103.5,14,0.30434782608695654,4.282608695652174,0.22177921482096433,0.08387040394992681,4.503987453440502,0.3397529785029785,0.10322069519986186,46,8.0,0.2826086956521739,0,Bryan Abreu,False,False
2026,622608,64,18,4,0,2,54.0,18.0,0.28125,0.0625,0.0,1.0,242,126,30,136,0.5206611570247934,0.23809523809523808,0.5619834710743802,87,99.8,17,0.19540229885057472,3.78125,0.22177921482096433,0.08387040394992681,4.503987453440502,0.12489597101874968,0.09678856415528468,64,18.0,0.28125,0,Antonio Senzatela,False,False
2026,445276,32,9,3,2,5,22.0,7.333333333333333,0.28125,0.09375,0.0625,6.136363636363637,138,62,17,78,0.4492753623188406,0.27419354838709675,0.5652173913043478,41,97.5,6,0.14634146341463414,4.3125,0.22177921482096433,0.08387040394992681,4.503987453440502,0.2645840566053332,0.08674132211366255,32,7.333333333333333,0.28125,0,Kenley Jansen,True,False
2026,666974,32,9,1,1,3,26.0,8.666666666666666,0.28125,0.03125,0.03125,3.1153846153846154,117,55,16,54,0.4700854700854701,0.2909090909090909,0.46153846153846156,33,103.68,11,0.3333333333333333,3.65625,0.22177921482096433,0.08387040394992681,4.503987453440502,0.23171943649858842,0.08316663862246901,32,8.666666666666666,0.28125,0,Yennier Cano,False,False
2026,572955,43,12,2,1,2,33.0,11.0,0.27906976744186046,0.046511627906976744,0.023255813953488372,1.6363636363636365,160,74,16,94,0.4625,0.21621621621621623,0.5875,50,101.52000000000001,11,0.22,3.7209302325581395,0.22177921482096433,0.08387040394992681,4.503987453440502,0.27786573768814443,0.0952357860184196,43,11.0,0.27906976744186046,0,Pierce Johnson,False,False
2026,548384,36,10,4,1,4,26.0,8.666666666666666,0.2777777777777778,0.1111111111111111,0.027777777777777776,4.153846153846154,144,55,13,66,0.3819444444444444,0.23636363636363636,0.4583333333333333,40,104.56,9,0.225,4.0,0.22177921482096433,0.08387040394992681,4.503987453440502,0.2898374992866518,0.09173557609998288,36,8.666666666666666,0.2777777777777778,0,Brooks Raley,False,False
2026,685299,36,10,4,3,7,25.0,8.333333333333334,0.2777777777777778,0.1111111111111111,0.08333333333333333,7.56,148,70,14,72,0.47297297297297297,0.2,0.4864864864864865,48,98.21000000000001,10,0.20833333333333334,4.111111111111111,0.22177921482096433,0.08387040394992681,4.503987453440502,0.174431256181998,0.044691724365314864,36,8.333333333333334,0.2777777777777778,0,Tanner Gordon,False,False
2026,669622,47,13,8,0,8,28.0,9.333333333333334,0.2765957446808511,0.1702127659574468,0.0,7.7142857142857135,194,69,13,89,0.3556701030927835,0.18840579710144928,0.4587628865979381,48,101.59,10,0.20833333333333334,4.127659574468085,0.22177921482096433,0.08387040394992681,4.503987453440502,0.22832865883243988,0.09184506692228495,47,9.333333333333334,0.2765957446808511,0,Anthony Bender,False,False
2026,696147,55,15,8,0,3,39.0,13.0,0.2727272727272727,0.14545454545454545,0.0,2.076923076923077,212,87,33,95,0.41037735849056606,0.3793103448275862,0.4481132075471698,45,99.14,11,0.24444444444444444,3.8545454545454545,0.22177921482096433,0.08387040394992681,4.503987453440502,0.18719105953148507,0.12259371833839919,55,13.0,0.2727272727272727,0,Sam Bachman,False,False
2026,592773,48,13,7,1,13,27.0,9.0,0.2708333333333333,0.14583333333333334,0.020833333333333332,13.0,222,112,35,104,0.5045045045045045,0.3125,0.46846846846846846,67,104.5,17,0.2537313432835821,4.625,0.22177921482096433,0.08387040394992681,4.503987453440502,0.2472998296780384,0.1115136156346317,48,9.0,0.2708333333333333,0,Ryne Stanek,False,False
2026,668933,48,13,6,0,3,37.0,12.333333333333334,0.2708333333333333,0.125,0.0,2.189189189189189,204,100,29,104,0.49019607843137253,0.29,0.5098039215686274,57,102.4,16,0.2807017543859649,4.25,0.22177921482096433,0.08387040394992681,4.503987453440502,0.19265358174689162,0.08322602280348758,48,12.333333333333334,0.2708333333333333,0,Graham Ashcraft,False,False
2026,677053,37,10,5,1,6,25.0,8.333333333333334,0.2702702702702703,0.13513513513513514,0.02702702702702703,6.4799999999999995,155,68,20,77,0.43870967741935485,0.29411764705882354,0.4967741935483871,44,106.47,14,0.3181818181818182,4.1891891891891895,0.22177921482096433,0.08387040394992681,4.503987453440502,0.3212039203400413,0.0867745182341139,37,8.333333333333334,0.2702702702702703,0,Andrew Nardi,False,False
2026,674444,26,7,4,4,8,15.0,5.0,0.2692307692307692,0.15384615384615385,0.15384615384615385,14.4,113,50,15,54,0.4424778761061947,0.3,0.4778761061946903,33,105.44,7,0.21212121212121213,4.346153846153846,0.22177921482096433,0.08387040394992681,4.503987453440502,0.21833219548273308,0.0840373783922171,26,5.0,0.2692307692307692,0,Steven Cruz,False,False
2026,676263,41,11,4,1,8,29.0,9.666666666666666,0.2682926829268293,0.0975609756097561,0.024390243902439025,7.448275862068966,156,71,15,90,0.4551282051282051,0.2112676056338028,0.5769230769230769,48,99.23000000000002,13,0.2708333333333333,3.8048780487804876,0.22177921482096433,0.08387040394992681,4.503987453440502,0.24172185430463577,0.07947019867549669,41,9.666666666666666,0.2682926829268293,0,Jack Dreyer,False,False
2026,669330,56,15,4,2,6,41.0,13.666666666666666,0.26785714285714285,0.07142857142857142,0.03571428571428571,3.951219512195122,211,102,32,106,0.4834123222748815,0.3137254901960784,0.5023696682464455,66,99.25,12,0.18181818181818182,3.767857142857143,0.22177921482096433,0.08387040394992681,4.503987453440502,0.21837407410276075,0.043173081143323334,56,13.666666666666666,0.26785714285714285,0,Tyler Wells,False,False
2026,663158,45,12,2,0,2,35.0,11.666666666666666,0.26666666666666666,0.044444444444444446,0.0,1.542857142857143,168,89,21,78,0.5297619047619048,0.23595505617977527,0.4642857142857143,58,99.92,12,0.20689655172413793,3.7333333333333334,0.22177921482096433,0.08387040394992681,4.503987453440502,0.2476596352061036,0.06852331619989613,45,11.666666666666666,0.26666666666666666,0,Robert Suarez,True,False
2026,656234,30,8,1,1,6,19.0,6.333333333333333,0.26666666666666666,0.03333333333333333,0.03333333333333333,8.526315789473685,112,45,14,65,0.4017857142857143,0.3111111111111111,0.5803571428571429,27,105.26,10,0.37037037037037035,3.7333333333333334,0.22177921482096433,0.08387040394992681,4.503987453440502,0.21581027900097172,0.10421586612373206,30,6.333333333333333,0.26666666666666666,0,Jake Bird,False,False
2026,669093,30,8,5,0,3,21.0,7.0,0.26666666666666666,0.16666666666666666,0.0,3.857142857142857,118,51,16,49,0.4322033898305085,0.3137254901960784,0.4152542372881356,33,99.34,8,0.24242424242424243,3.933333333333333,0.22177921482096433,0.08387040394992681,4.503987453440502,0.3304006544138123,0.12100128794207742,30,7.0,0.26666666666666666,0,Jeremiah Estrada,False,False
2026,676962,64,17,5,0,5,47.0,15.666666666666666,0.265625,0.078125,0.0,2.872340425531915,249,110,28,136,0.44176706827309237,0.2545454545454545,0.5461847389558233,75,99.86000000000003,16,0.21333333333333335,3.890625,0.22177921482096433,0.08387040394992681,4.503987453440502,0.26914441794091687,0.07329211049123521,64,15.666666666666666,0.265625,0,Ben Brown,False,False
2026,668390,49,13,5,2,6,33.0,11.0,0.2653061224489796,0.10204081632653061,0.04081632653061224,4.909090909090909,190,97,29,95,0.5105263157894737,0.29896907216494845,0.5,59,99.42000000000002,14,0.23728813559322035,3.877551020408163,0.22177921482096433,0.08387040394992681,4.503987453440502,0.20009915101939643,0.08102940004780496,49,11.0,0.2653061224489796,0,Cole Winn,False,False
2026,670280,49,13,5,0,7,32.0,10.666666666666666,0.2653061224489796,0.10204081632653061,0.0,5.90625,219,108,25,110,0.4931506849315068,0.23148148148148148,0.502283105022831,73,99.48,10,0.136986301369863,4.469387755102041,0.22177921482096433,0.08387040394992681,4.503987453440502,0.2881892818612581,0.08599182217661287,49,10.666666666666666,0.2653061224489796,0,David Bednar,True,False
2026,641329,38,10,3,1,4,28.0,9.333333333333334,0.2631578947368421,0.07894736842105263,0.02631578947368421,3.8571428571428568,162,83,29,82,0.5123456790123457,0.3493975903614458,0.5061728395061729,48,103.76,6,0.125,4.2631578947368425,0.22177921482096433,0.08387040394992681,4.503987453440502,0.276376669925057,0.08293274298966898,38,9.333333333333334,0.2631578947368421,0,Bryan Baker,False,False
2026,678906,61,16,6,2,3,49.0,16.333333333333332,0.26229508196721313,0.09836065573770492,0.03278688524590164,1.653061224489796,248,111,25,118,0.4475806451612903,0.22522522522522523,0.47580645161290325,80,101.54,17,0.2125,4.065573770491803,0.22177921482096433,0.08387040394992681,4.503987453440502,0.2124409563258484,0.13259210813167646,61,16.333333333333332,0.26229508196721313,0,Kai-Wei Teng,False,False
2026,656848,42,11,4,1,3,32.0,10.666666666666666,0.2619047619047619,0.09523809523809523,0.023809523809523808,2.53125,160,73,17,81,0.45625,0.2328767123287671,0.50625,54,101.91,13,0.24074074074074073,3.8095238095238093,0.22177921482096433,0.08387040394992681,4.503987453440502,0.18868573214564777,0.1035474292858259,42,10.666666666666666,0.2619047619047619,0,Michael Petersen,False,False
2026,671922,54,14,4,1,9,36.0,12.0,0.25925925925925924,0.07407407407407407,0.018518518518518517,6.75,248,124,33,129,0.5,0.2661290322580645,0.5201612903225806,81,104.1,18,0.2222222222222222,4.592592592592593,0.22177921482096433,0.08387040394992681,4.503987453440502,0.350353365240305,0.06121208173191758,54,12.0,0.25925925925925924,0,Cade Smith,True,False
2026,686993,62,16,5,1,7,40.0,13.333333333333334,0.25806451612903225,0.08064516129032258,0.016129032258064516,4.725,252,130,35,135,0.5158730158730159,0.2692307692307692,0.5357142857142857,89,103.96000000000001,29,0.3258426966292135,4.064516129032258,0.22177921482096433,0.08387040394992681,4.503987453440502,0.23921852070876318,0.06708719363952953,62,13.333333333333334,0.25806451612903225,0,Justin Sterner,False,False
2026,683618,31,8,3,1,4,22.0,7.333333333333333,0.25806451612903225,0.0967741935483871,0.03225806451612903,4.909090909090909,116,56,15,64,0.4827586206896552,0.26785714285714285,0.5517241379310345,37,101.4,6,0.16216216216216217,3.7419354838709675,0.22177921482096433,0.08387040394992681,4.503987453440502,0.2853124372111714,0.09865380751456701,31,7.333333333333333,0.25806451612903225,0,Edgardo Henriquez,False,False
2026,682842,39,10,3,1,5,27.0,9.0,0.2564102564102564,0.07692307692307693,0.02564102564102564,5.0,158,57,12,76,0.36075949367088606,0.21052631578947367,0.4810126582278481,39,103.94,12,0.3076923076923077,4.051282051282051,0.22177921482096433,0.08387040394992681,4.503987453440502,0.2728967844510467,0.13760155740641875,39,9.0,0.2564102564102564,0,Abner Uribe,False,False
2026,669276,43,11,2,0,1,35.0,11.666666666666666,0.2558139534883721,0.046511627906976744,0.0,0.7714285714285715,167,97,32,90,0.5808383233532934,0.32989690721649484,0.5389221556886228,60,102.95,16,0.26666666666666666,3.883720930232558,0.22177921482096433,0.08387040394992681,4.503987453440502,0.283571125340157,0.06524494445513562,43,11.666666666666666,0.2558139534883721,0,Dylan Lee,False,False
2026,681402,43,11,3,1,7,28.0,9.333333333333334,0.2558139534883721,0.06976744186046512,0.023255813953488372,6.75,157,84,22,83,0.535031847133758,0.2619047619047619,0.5286624203821656,56,103.85,20,0.35714285714285715,3.6511627906976742,0.22177921482096433,0.08387040394992681,4.503987453440502,0.21590486807878115,0.10702341137123746,43,9.333333333333334,0.2558139534883721,0,Gus Varland,False,False
2026,676254,47,12,6,1,4,32.0,10.666666666666666,0.2553191489361702,0.1276595744680851,0.02127659574468085,3.375,199,74,13,104,0.37185929648241206,0.17567567567567569,0.5226130653266332,56,99.35,14,0.25,4.23404255319149,0.22177921482096433,0.08387040394992681,4.503987453440502,0.2743002116728772,0.07027760015875466,47,10.666666666666666,0.2553191489361702,0,Ryan Walker,True,False
2026,677961,51,13,6,1,8,30.0,10.0,0.2549019607843137,0.11764705882352941,0.0196078431372549,7.2,194,96,26,96,0.4948453608247423,0.2708333333333333,0.4948453608247423,60,104.55,19,0.31666666666666665,3.803921568627451,0.22177921482096433,0.08387040394992681,4.503987453440502,0.08333333333333333,0.25,51,10.0,0.2549019607843137,0,Cole Wilcox,False,False
2026,542888,44,11,7,1,1,30.0,10.0,0.25,0.1590909090909091,0.022727272727272728,0.9,190,78,15,98,0.4105263157894737,0.19230769230769232,0.5157894736842106,54,102.03999999999999,15,0.2777777777777778,4.318181818181818,0.22177921482096433,0.08387040394992681,4.503987453440502,0.248109790746043,0.07078090031243738,44,10.0,0.25,0,Shawn Armstrong,False,False
2026,687911,44,11,5,0,10,29.0,9.666666666666666,0.25,0.11363636363636363,0.0,9.310344827586208,182,86,13,96,0.4725274725274725,0.1511627906976744,0.5274725274725275,65,98.7,9,0.13846153846153847,4.136363636363637,0.22177921482096433,0.08387040394992681,4.503987453440502,0.2698730423501066,0.06299694189602446,44,9.666666666666666,0.25,0,Bryan King,False,False
2026,688883,44,11,4,1,4,32.0,10.666666666666666,0.25,0.09090909090909091,0.022727272727272728,3.375,192,83,23,92,0.4322916666666667,0.27710843373493976,0.4791666666666667,53,102.03999999999999,15,0.2830188679245283,4.363636363636363,0.22177921482096433,0.08387040394992681,4.503987453440502,0.22177921482096433,0.08387040394992681,44,10.666666666666666,0.25,0,Peyton Pallette,False,False
2026,687330,40,10,4,1,6,31.0,10.333333333333334,0.25,0.1,0.025,5.225806451612903,165,72,18,79,0.43636363636363634,0.25,0.47878787878787876,48,104.93,16,0.3333333333333333,4.125,0.22177921482096433,0.08387040394992681,4.503987453440502,0.21127610595758525,0.04626946925518565,40,10.333333333333334,0.25,0,Kevin Kelly,False,False
2026,615698,28,7,2,1,5,21.0,7.0,0.25,0.07142857142857142,0.03571428571428571,6.428571428571429,122,60,12,69,0.4918032786885246,0.2,0.5655737704918032,40,103.80000000000001,11,0.275,4.357142857142857,0.22177921482096433,0.08387040394992681,4.503987453440502,0.15698343975043003,0.08287284415925192,28,7.0,0.25,0,Cal Quantrill,False,False
2026,663558,65,16,9,2,4,47.0,15.666666666666666,0.24615384615384617,0.13846153846153847,0.03076923076923077,2.297872340425532,244,102,32,120,0.4180327868852459,0.3137254901960784,0.4918032786885246,63,99.84,14,0.2222222222222222,3.753846153846154,0.22177921482096433,0.08387040394992681,4.503987453440502,0.2542042042042042,0.1481981981981982,65,15.666666666666666,0.24615384615384617,0,Jovani Morán,False,False
2026,623454,49,12,5,1,8,33.0,11.0,0.24489795918367346,0.10204081632653061,0.02040816326530612,6.545454545454546,190,91,21,89,0.4789473684210526,0.23076923076923078,0.46842105263157896,65,97.64,13,0.2,3.877551020408163,0.22177921482096433,0.08387040394992681,4.503987453440502,0.22177921482096433,0.08387040394992681,49,11.0,0.24489795918367346,0,Drew Anderson,False,False
2026,593974,45,11,3,2,8,31.0,10.333333333333334,0.24444444444444444,0.06666666666666667,0.044444444444444446,6.967741935483871,180,97,25,83,0.5388888888888889,0.25773195876288657,0.46111111111111114,68,99.44000000000001,12,0.17647058823529413,4.0,0.22177921482096433,0.08387040394992681,4.503987453440502,0.18530070528947706,0.09972472100692986,45,10.333333333333334,0.24444444444444444,0,Wandy Peralta,False,False
2026,643377,41,10,7,2,8,25.0,8.333333333333334,0.24390243902439024,0.17073170731707318,0.04878048780487805,8.639999999999999,177,73,19,75,0.4124293785310734,0.2602739726027397,0.423728813559322,45,102.2,13,0.28888888888888886,4.317073170731708,0.22177921482096433,0.08387040394992681,4.503987453440502,0.3225378124518338,0.06637043636753752,41,8.333333333333334,0.24390243902439024,0,Griffin Jax,False,False
2026,665622,41,10,5,1,3,30.0,10.0,0.24390243902439024,0.12195121951219512,0.024390243902439025,2.7,172,77,23,82,0.4476744186046512,0.2987012987012987,0.47674418604651164,47,102.74,13,0.2765957446808511,4.195121951219512,0.22177921482096433,0.08387040394992681,4.503987453440502,0.19393939393939397,0.11290684624017959,41,10.0,0.24390243902439024,0,Luis Medina,False,False
2026,681217,41,10,6,1,9,27.0,9.0,0.24390243902439024,0.14634146341463414,0.024390243902439025,9.0,179,87,31,73,0.4860335195530726,0.3563218390804598,0.40782122905027934,49,99.69999999999999,8,0.16326530612244897,4.365853658536586,0.22177921482096433,0.08387040394992681,4.503987453440502,0.27915579187140444,0.11551989216739326,41,9.0,0.24390243902439024,0,Chase Silseth,False,False
2026,694361,37,9,3,0,3,24.0,8.0,0.24324324324324326,0.08108108108108109,0.0,3.375,160,68,10,93,0.425,0.14705882352941177,0.58125,53,100.26,10,0.18867924528301888,4.324324324324325,0.22177921482096433,0.08387040394992681,4.503987453440502,0.24853801169590645,0.14954051796157058,37,8.0,0.24324324324324326,0,Will Klein,False,False
2026,666808,33,8,1,2,7,22.0,7.333333333333333,0.24242424242424243,0.030303030303030304,0.06060606060606061,8.590909090909092,129,62,17,63,0.4806201550387597,0.27419354838709675,0.4883720930232558,40,101.76,13,0.325,3.909090909090909,0.22177921482096433,0.08387040394992681,4.503987453440502,0.2807097521492539,0.12339671115779717,33,7.333333333333333,0.24242424242424243,0,Camilo Doval,True,False
2026,455119,29,7,0,1,8,18.0,6.0,0.2413793103448276,0.0,0.034482758620689655,12.0,104,60,14,61,0.5769230769230769,0.23333333333333334,0.5865384615384616,42,105.38,11,0.2619047619047619,3.586206896551724,0.22177921482096433,0.08387040394992681,4.503987453440502,0.2539460845223764,0.03246515170586394,29,6.0,0.2413793103448276,0,Chris Martin,False,False
2026,606303,29,7,3,2,5,19.0,6.333333333333333,0.2413793103448276,0.10344827586206896,0.06896551724137931,7.105263157894737,120,61,14,57,0.5083333333333333,0.22950819672131148,0.475,42,102.28,10,0.23809523809523808,4.137931034482759,0.22177921482096433,0.08387040394992681,4.503987453440502,0.23564369658119655,0.07223195530928582,29,6.333333333333333,0.2413793103448276,0,Joel Payamps,False,False
2026,671382,29,7,5,0,5,17.0,5.666666666666667,0.2413793103448276,0.1724137931034483,0.0,7.941176470588235,122,56,18,56,0.45901639344262296,0.32142857142857145,0.45901639344262296,36,99.9,5,0.1388888888888889,4.206896551724138,0.22177921482096433,0.08387040394992681,4.503987453440502,0.22177921482096433,0.08387040394992681,29,5.666666666666667,0.2413793103448276,0,Cameron Foster,False,False
2026,680730,29,7,1,1,3,21.0,7.0,0.2413793103448276,0.034482758620689655,0.034482758620689655,3.857142857142857,122,66,23,55,0.5409836065573771,0.3484848484848485,0.45081967213114754,42,99.83,12,0.2857142857142857,4.206896551724138,0.22177921482096433,0.08387040394992681,4.503987453440502,0.1704304710389903,0.07402820777433781,29,7.0,0.2413793103448276,0,Mitchell Parker,False,False
2026,687396,54,13,4,0,3,38.0,12.666666666666666,0.24074074074074073,0.07407407407407407,0.0,2.1315789473684212,198,99,28,102,0.5,0.2828282828282828,0.5151515151515151,65,102.46000000000001,16,0.24615384615384617,3.6666666666666665,0.22177921482096433,0.08387040394992681,4.503987453440502,0.32817725752508364,0.1043524712002973,54,12.666666666666666,0.24074074074074073,0,Brent Headrick,False,False
2026,688158,54,13,9,1,7,34.0,11.333333333333334,0.24074074074074073,0.16666666666666666,0.018518518518518517,5.5588235294117645,215,106,27,97,0.4930232558139535,0.25471698113207547,0.4511627906976744,70,97.86,12,0.17142857142857143,3.9814814814814814,0.22177921482096433,0.08387040394992681,4.503987453440502,0.25906735751295334,0.11917098445595856,54,11.333333333333334,0.24074074074074073,0,David Morgan,False,False
2026,682610,25,6,6,3,8,12.0,4.0,0.24,0.24,0.12,18.0,113,46,19,38,0.40707964601769914,0.41304347826086957,0.336283185840708,23,102.92,11,0.4782608695652174,4.52,0.22177921482096433,0.08387040394992681,4.503987453440502,0.23437679165233347,0.14716202270381837,25,4.0,0.24,0,Roddery Muñoz,False,False
2026,621237,46,11,5,0,6,25.0,8.333333333333334,0.2391304347826087,0.10869565217391304,0.0,6.4799999999999995,188,87,25,79,0.4627659574468085,0.28735632183908044,0.42021276595744683,56,99.15,12,0.21428571428571427,4.086956521739131,0.22177921482096433,0.08387040394992681,4.503987453440502,0.29083996229764264,0.08777206660959429,46,8.333333333333334,0.2391304347826087,0,José Alvarado,False,False
2026,676684,46,11,6,1,9,29.0,9.666666666666666,0.2391304347826087,0.13043478260869565,0.021739130434782608,8.379310344827587,215,94,25,106,0.4372093023255814,0.26595744680851063,0.4930232558139535,58,102.50000000000003,12,0.20689655172413793,4.673913043478261,0.22177921482096433,0.08387040394992681,4.503987453440502,0.25280076316502376,0.06929830876903541,46,9.666666666666666,0.2391304347826087,0,Will Vest,True,False
2026,621381,42,10,4,2,5,29.0,9.666666666666666,0.23809523809523808,0.09523809523809523,0.047619047619047616,4.655172413793104,179,82,14,95,0.4581005586592179,0.17073170731707318,0.5307262569832403,58,103.43,18,0.3103448275862069,4.261904761904762,0.22177921482096433,0.08387040394992681,4.503987453440502,0.3019664797008547,0.06298051566049984,42,9.666666666666666,0.23809523809523808,0,Matt Strahm,False,False
2026,641755,42,10,5,0,3,33.0,11.0,0.23809523809523808,0.11904761904761904,0.0,2.4545454545454546,170,75,21,84,0.4411764705882353,0.28,0.49411764705882355,51,99.2,7,0.13725490196078433,4.0476190476190474,0.22177921482096433,0.08387040394992681,4.503987453440502,0.23888699020277968,0.10297619047619049,42,11.0,0.23809523809523808,0,Tyler Kinley,False,False
2026,656730,42,10,4,0,7,28.0,9.333333333333334,0.23809523809523808,0.09523809523809523,0.0,6.75,154,74,23,75,0.4805194805194805,0.3108108108108108,0.487012987012987,47,102.61999999999999,15,0.3191489361702128,3.6666666666666665,0.22177921482096433,0.08387040394992681,4.503987453440502,0.3086258813160987,0.0825249502219611,42,9.333333333333334,0.23809523809523808,0,Trevor Megill,True,False
2026,641835,59,14,6,2,8,42.0,14.0,0.23728813559322035,0.1016949152542373,0.03389830508474576,5.142857142857143,231,101,22,121,0.43722943722943725,0.21782178217821782,0.5238095238095238,69,100.78,21,0.30434782608695654,3.9152542372881354,0.22177921482096433,0.08387040394992681,4.503987453440502,0.1939506142994515,0.07123603925929507,59,14.0,0.23728813559322035,0,Tim Mayza,False,False
2026,642100,38,9,3,1,3,27.0,9.0,0.23684210526315788,0.07894736842105263,0.02631578947368421,3.0,133,70,16,74,0.5263157894736842,0.22857142857142856,0.556390977443609,48,101.52000000000001,8,0.16666666666666666,3.5,0.22177921482096433,0.08387040394992681,4.503987453440502,0.3201055161927324,0.07640605997834195,38,9.0,0.23684210526315788,0,Gabe Speier,False,False
2026,656945,38,9,1,2,4,31.0,10.333333333333334,0.23684210526315788,0.02631578947368421,0.05263157894736842,3.4838709677419355,141,80,22,81,0.5673758865248227,0.275,0.574468085106383,54,104.34,14,0.25925925925925924,3.710526315789474,0.22177921482096433,0.08387040394992681,4.503987453440502,0.2835765771000368,0.09008985831703968,38,10.333333333333334,0.23684210526315788,0,Tanner Scott,True,False
2026,621383,51,12,7,1,8,30.0,10.0,0.23529411764705882,0.13725490196078433,0.0196078431372549,7.2,206,102,21,91,0.49514563106796117,0.20588235294117646,0.441747572815534,72,101.03999999999999,10,0.1388888888888889,4.03921568627451,0.22177921482096433,0.08387040394992681,4.503987453440502,0.22859948178848985,0.06007506442910992,51,10.0,0.23529411764705882,0,Tanner Banks,False,False
2026,702193,34,8,2,0,4,21.0,7.0,0.23529411764705882,0.058823529411764705,0.0,5.142857142857143,151,82,19,77,0.543046357615894,0.23170731707317074,0.5099337748344371,56,99.44999999999999,10,0.17857142857142858,4.4411764705882355,0.22177921482096433,0.08387040394992681,4.503987453440502,0.22177921482096433,0.08387040394992681,34,7.0,0.23529411764705882,0,Andrew Morris,False,False
2026,657756,47,11,3,2,9,31.0,10.333333333333334,0.23404255319148937,0.06382978723404255,0.0425531914893617,7.838709677419354,183,96,20,92,0.5245901639344263,0.20833333333333334,0.5027322404371585,71,99.0,10,0.14084507042253522,3.893617021276596,0.22177921482096433,0.08387040394992681,4.503987453440502,0.18872549019607845,0.09994553376906318,47,10.333333333333334,0.23404255319148937,0,Connor Seabold,False,False
2026,670990,60,14,8,1,6,42.0,14.0,0.23333333333333334,0.13333333333333333,0.016666666666666666,3.857142857142857,235,104,29,112,0.4425531914893617,0.27884615384615385,0.4765957446808511,65,102.3,13,0.2,3.9166666666666665,0.22177921482096433,0.08387040394992681,4.503987453440502,0.2427990356417776,0.09440206970448906,60,14.0,0.23333333333333334,0,Yohan Ramírez,False,False
2026,663485,43,10,4,1,4,31.0,10.333333333333334,0.23255813953488372,0.09302325581395349,0.023255813953488372,3.4838709677419355,161,75,16,85,0.4658385093167702,0.21333333333333335,0.5279503105590062,55,101.84,18,0.32727272727272727,3.744186046511628,0.22177921482096433,0.08387040394992681,4.503987453440502,0.23924844264332054,0.07552931153288509,43,10.333333333333334,0.23255813953488372,0,Cole Sands,False,False
2026,679358,43,10,4,0,4,32.0,10.666666666666666,0.23255813953488372,0.09302325581395349,0.0,3.375,174,76,19,85,0.4367816091954023,0.25,0.4885057471264368,55,98.26,11,0.2,4.046511627906977,0.22177921482096433,0.08387040394992681,4.503987453440502,0.16524798547270458,0.1401089547156963,43,10.666666666666666,0.23255813953488372,0,Eric Orze,False,False
2026,641302,52,12,4,0,3,35.0,11.666666666666666,0.23076923076923078,0.07692307692307693,0.0,2.3142857142857145,210,85,12,112,0.40476190476190477,0.1411764705882353,0.5333333333333333,66,97.15,11,0.16666666666666666,4.038461538461538,0.22177921482096433,0.08387040394992681,4.503987453440502,0.20709970345979445,0.053900259636366236,52,11.666666666666666,0.23076923076923078,0,Tyler Alexander,False,False
2026,656222,39,9,3,1,3,29.0,9.666666666666666,0.23076923076923078,0.07692307692307693,0.02564102564102564,2.793103448275862,148,63,15,81,0.42567567567567566,0.23809523809523808,0.5472972972972973,46,102.75,11,0.2391304347826087,3.7948717948717947,0.22177921482096433,0.08387040394992681,4.503987453440502,0.20436951996758032,0.0921094440760389,39,9.666666666666666,0.23076923076923078,0,Jalen Beeks,False,False
2026,605130,48,11,7,2,5,33.0,11.0,0.22916666666666666,0.14583333333333334,0.041666666666666664,4.090909090909091,183,76,30,74,0.41530054644808745,0.39473684210526316,0.40437158469945356,41,97.5,10,0.24390243902439024,3.8125,0.22177921482096433,0.08387040394992681,4.503987453440502,0.26324138401988795,0.13318618356236045,48,11.0,0.22916666666666666,0,Scott Barlow,False,False
2026,669371,35,8,5,1,8,21.0,7.0,0.22857142857142856,0.14285714285714285,0.02857142857142857,10.285714285714286,138,63,14,66,0.45652173913043476,0.2222222222222222,0.4782608695652174,46,102.25,9,0.1956521739130435,3.942857142857143,0.22177921482096433,0.08387040394992681,4.503987453440502,0.21576763485477182,0.13278008298755187,35,7.0,0.22857142857142856,0,Cole Henry,False,False
2026,670970,57,13,2,1,11,37.0,12.333333333333334,0.22807017543859648,0.03508771929824561,0.017543859649122806,8.027027027027026,206,102,36,109,0.49514563106796117,0.35294117647058826,0.529126213592233,58,103.99000000000001,12,0.20689655172413793,3.6140350877192984,0.22177921482096433,0.08387040394992681,4.503987453440502,0.2344457013574661,0.07891128479363774,57,12.333333333333334,0.22807017543859648,0,Adrián Morejón,False,False
2026,595014,31,7,3,2,4,19.0,6.333333333333333,0.22580645161290322,0.0967741935483871,0.06451612903225806,5.684210526315789,119,58,12,57,0.48739495798319327,0.20689655172413793,0.4789915966386555,40,102.44000000000001,11,0.275,3.838709677419355,0.22177921482096433,0.08387040394992681,4.503987453440502,0.2856456456456457,0.11087087087087087,31,6.333333333333333,0.22580645161290322,0,Blake Treinen,False,False
2026,677955,49,11,7,1,6,31.0,10.333333333333334,0.22448979591836735,0.14285714285714285,0.02040816326530612,5.225806451612903,184,83,21,97,0.45108695652173914,0.25301204819277107,0.5271739130434783,55,100.82,11,0.2,3.7551020408163267,0.22177921482096433,0.08387040394992681,4.503987453440502,0.19276485788113698,0.09118575940281366,49,10.333333333333334,0.22448979591836735,0,Jaden Hill,False,False
2026,640455,85,19,8,2,10,58.0,19.333333333333332,0.2235294117647059,0.09411764705882353,0.023529411764705882,4.655172413793104,347,165,33,180,0.4755043227665706,0.2,0.5187319884726225,119,103.56,27,0.226890756302521,4.08235294117647,0.22177921482096433,0.08387040394992681,4.503987453440502,0.2659287905173095,0.068466691396952,85,19.333333333333332,0.2235294117647059,0,Sean Manaea,False,False
2026,623211,45,10,2,1,9,34.0,11.333333333333334,0.2222222222222222,0.044444444444444446,0.022222222222222223,7.147058823529411,171,89,24,89,0.52046783625731,0.2696629213483146,0.52046783625731,59,102.4,13,0.22033898305084745,3.8,0.22177921482096433,0.08387040394992681,4.503987453440502,0.23187476831882628,0.11133376517988232,45,11.333333333333334,0.2222222222222222,0,Huascar Brazobán,False,False
2026,694918,36,8,2,1,2,30.0,10.0,0.2222222222222222,0.05555555555555555,0.027777777777777776,1.8,135,61,19,64,0.45185185185185184,0.3114754098360656,0.4740740740740741,39,101.42,14,0.358974358974359,3.75,0.22177921482096433,0.08387040394992681,4.503987453440502,0.1282051282051282,0.1282051282051282,36,10.0,0.2222222222222222,0,Blade Tidwell,False,False
2026,663687,69,15,12,1,7,46.0,15.333333333333334,0.21739130434782608,0.17391304347826086,0.014492753623188406,4.108695652173913,284,122,26,151,0.4295774647887324,0.21311475409836064,0.5316901408450704,89,96.24,11,0.12359550561797752,4.115942028985507,0.22177921482096433,0.08387040394992681,4.503987453440502,0.21351834293713645,0.11023458891191941,69,15.333333333333334,0.21739130434782608,0,Hogan Harris,False,False
2026,681867,37,8,2,1,1,29.0,9.666666666666666,0.21621621621621623,0.05405405405405406,0.02702702702702703,0.9310344827586208,144,72,12,65,0.5,0.16666666666666666,0.4513888888888889,54,107.35,17,0.3148148148148148,3.891891891891892,0.22177921482096433,0.08387040394992681,4.503987453440502,0.14883188871575118,0.06856731268666406,37,9.666666666666666,0.21621621621621623,0,Cooper Criswell,False,False
2026,641745,42,9,3,2,7,30.0,10.0,0.21428571428571427,0.07142857142857142,0.047619047619047616,6.3,169,79,18,84,0.46745562130177515,0.22784810126582278,0.4970414201183432,57,97.46,12,0.21052631578947367,4.023809523809524,0.22177921482096433,0.08387040394992681,4.503987453440502,0.2055100510566202,0.1125717625981638,42,10.0,0.21428571428571427,0,Brad Keller,False,False
2026,688642,75,16,7,2,10,48.0,16.0,0.21333333333333335,0.09333333333333334,0.02666666666666667,5.625,302,152,41,135,0.5033112582781457,0.26973684210526316,0.4470198675496689,104,103.88,21,0.20192307692307693,4.026666666666666,0.22177921482096433,0.08387040394992681,4.503987453440502,0.1386861313868613,0.11678832116788321,75,16.0,0.21333333333333335,0,Zach Agnos,False,False
2026,656794,61,13,5,0,6,41.0,13.666666666666666,0.21311475409836064,0.08196721311475409,0.0,3.951219512195122,235,111,20,116,0.4723404255319149,0.18018018018018017,0.49361702127659574,81,102.4,18,0.2222222222222222,3.8524590163934427,0.22177921482096433,0.08387040394992681,4.503987453440502,0.21687683668281407,0.12772309669634377,61,13.666666666666666,0.21311475409836064,0,Sean Newcomb,False,False
2026,608371,47,10,7,1,7,29.0,9.666666666666666,0.2127659574468085,0.14893617021276595,0.02127659574468085,6.517241379310345,171,74,16,79,0.4327485380116959,0.21621621621621623,0.4619883040935672,57,100.75999999999999,14,0.24561403508771928,3.6382978723404253,0.22177921482096433,0.08387040394992681,4.503987453440502,0.22034683493016827,0.16495960245960245,47,9.666666666666666,0.2127659574468085,0,Lucas Sims,False,False
2026,681982,47,10,6,0,4,36.0,12.0,0.2127659574468085,0.1276595744680851,0.0,3.0,188,87,21,97,0.4627659574468085,0.2413793103448276,0.5159574468085106,65,101.5,15,0.23076923076923078,4.0,0.22177921482096433,0.08387040394992681,4.503987453440502,0.23206416849474354,0.09077090900372808,47,12.0,0.2127659574468085,0,Grant Anderson,False,False
2026,683175,66,14,13,1,4,46.0,15.333333333333334,0.21212121212121213,0.19696969696969696,0.015151515151515152,2.3478260869565215,275,113,27,124,0.4109090909090909,0.23893805309734514,0.4509090909090909,75,100.02,15,0.2,4.166666666666667,0.22177921482096433,0.08387040394992681,4.503987453440502,0.3017762660619803,0.12821239606953894,66,15.333333333333334,0.21212121212121213,0,Connor Phillips,False,False
2026,641401,38,8,2,3,7,26.0,8.666666666666666,0.21052631578947367,0.05263157894736842,0.07894736842105263,7.26923076923077,146,73,19,75,0.5,0.2602739726027397,0.5136986301369864,48,102.63000000000001,14,0.2916666666666667,3.8421052631578947,0.22177921482096433,0.08387040394992681,4.503987453440502,0.20538813736264114,0.16816714191166007,38,8.666666666666666,0.21052631578947367,0,Connor Brogdon,False,False
2026,681892,38,8,6,1,2,24.0,8.0,0.21052631578947367,0.15789473684210525,0.02631578947368421,2.25,148,58,10,72,0.3918918918918919,0.1724137931034483,0.4864864864864865,47,103.72,13,0.2765957446808511,3.8947368421052633,0.22177921482096433,0.08387040394992681,4.503987453440502,0.2583910990175681,0.09863525185934612,38,8.0,0.21052631578947367,0,Kody Funderburk,False,False
2026,657097,43,9,6,1,6,24.0,8.0,0.20930232558139536,0.13953488372093023,0.023255813953488372,6.75,183,83,23,86,0.453551912568306,0.27710843373493976,0.46994535519125685,53,107.54,20,0.37735849056603776,4.255813953488372,0.22177921482096433,0.08387040394992681,4.503987453440502,0.2335095201000931,0.0999527067050081,43,8.0,0.20930232558139536,0,Jacob Webb,False,False
2026,669212,43,9,6,2,4,29.0,9.666666666666666,0.20930232558139536,0.13953488372093023,0.046511627906976744,3.724137931034483,153,65,15,79,0.42483660130718953,0.23076923076923078,0.5163398692810458,46,99.0,13,0.2826086956521739,3.558139534883721,0.22177921482096433,0.08387040394992681,4.503987453440502,0.17183601422731856,0.08355895312417051,43,9.666666666666666,0.20930232558139536,0,Eli Morgan,False,False
2026,699134,43,9,3,0,5,31.0,10.333333333333334,0.20930232558139536,0.06976744186046512,0.0,4.354838709677419,174,87,21,96,0.5,0.2413793103448276,0.5517241379310345,58,100.21000000000001,10,0.1724137931034483,4.046511627906977,0.22177921482096433,0.08387040394992681,4.503987453440502,0.2903225806451613,0.0967741935483871,43,10.333333333333334,0.20930232558139536,0,Bradgley Rodriguez,False,False
2026,641941,48,10,6,2,6,34.0,11.333333333333334,0.20833333333333334,0.125,0.041666666666666664,4.764705882352941,191,90,22,84,0.4712041884816754,0.24444444444444444,0.4397905759162304,60,101.91,19,0.31666666666666665,3.9791666666666665,0.22177921482096433,0.08387040394992681,4.503987453440502,0.27676699610661876,0.07624218316042215,48,11.333333333333334,0.20833333333333334,0,Emilio Pagán,True,False
2026,663767,29,6,2,1,2,20.0,6.666666666666667,0.20689655172413793,0.06896551724137931,0.034482758620689655,2.6999999999999997,104,39,5,46,0.375,0.1282051282051282,0.4423076923076923,31,104.6,7,0.22580645161290322,3.586206896551724,0.22177921482096433,0.08387040394992681,4.503987453440502,0.19391583111656777,0.08921628811131573,29,6.666666666666667,0.20689655172413793,0,Chase Shugart,False,False
2026,621366,39,8,3,2,8,26.0,8.666666666666666,0.20512820512820512,0.07692307692307693,0.05128205128205128,8.307692307692308,142,77,26,68,0.5422535211267606,0.33766233766233766,0.4788732394366197,46,101.94999999999999,15,0.32608695652173914,3.641025641025641,0.22177921482096433,0.08387040394992681,4.503987453440502,0.23119765903941736,0.07869974971234713,39,8.666666666666666,0.20512820512820512,0,Ryan Borucki,False,False
2026,660853,39,8,3,1,2,28.0,9.333333333333334,0.20512820512820512,0.07692307692307693,0.02564102564102564,1.9285714285714284,150,81,19,82,0.54,0.2345679012345679,0.5466666666666666,56,98.1,9,0.16071428571428573,3.8461538461538463,0.22177921482096433,0.08387040394992681,4.503987453440502,0.2302305665722509,0.089418169628813,39,9.333333333333334,0.20512820512820512,0,Enyel De Los Santos,False,False
2026,660825,44,9,5,0,3,33.0,11.0,0.20454545454545456,0.11363636363636363,0.0,2.4545454545454546,187,78,13,109,0.41711229946524064,0.16666666666666666,0.5828877005347594,62,99.25,15,0.24193548387096775,4.25,0.22177921482096433,0.08387040394992681,4.503987453440502,0.26604625989261127,0.07839080092692442,44,11.0,0.20454545454545456,0,Eduard Bazardo,False,False
2026,665660,44,9,7,1,12,28.0,9.333333333333334,0.20454545454545456,0.1590909090909091,0.022727272727272728,11.571428571428571,182,92,26,93,0.5054945054945055,0.2826086956521739,0.510989010989011,54,102.29,16,0.2962962962962963,4.136363636363637,0.22177921482096433,0.08387040394992681,4.503987453440502,0.2717391304347826,0.11956521739130435,44,9.333333333333334,0.20454545454545456,0,Elvis Alvarado,False,False
2026,642528,49,10,2,1,6,35.0,11.666666666666666,0.20408163265306123,0.04081632653061224,0.02040816326530612,4.628571428571429,193,90,23,91,0.46632124352331605,0.25555555555555554,0.47150259067357514,64,100.64,19,0.296875,3.938775510204082,0.22177921482096433,0.08387040394992681,4.503987453440502,0.1488996242619431,0.05115405260332797,49,11.666666666666666,0.20408163265306123,0,Jonathan Loáisiga,False,False
2026,643410,54,11,4,2,11,31.0,10.333333333333334,0.2037037037037037,0.07407407407407407,0.037037037037037035,9.580645161290322,203,98,27,94,0.4827586206896552,0.2755102040816326,0.4630541871921182,70,99.78,18,0.2571428571428571,3.759259259259259,0.22177921482096433,0.08387040394992681,4.503987453440502,0.2858132322293568,0.08314763574405767,54,10.333333333333334,0.2037037037037037,0,Mark Leiter,False,False
2026,693686,59,12,4,2,6,40.0,13.333333333333334,0.2033898305084746,0.06779661016949153,0.03389830508474576,4.05,222,104,19,113,0.46846846846846846,0.18269230769230768,0.509009009009009,78,99.19,17,0.21794871794871795,3.76271186440678,0.22177921482096433,0.08387040394992681,4.503987453440502,0.22177921482096433,0.08387040394992681,59,13.333333333333334,0.2033898305084746,0,Spencer Miles,False,False
2026,670036,55,11,2,2,10,37.0,12.333333333333334,0.2,0.03636363636363636,0.03636363636363636,7.297297297297297,183,88,18,103,0.4808743169398907,0.20454545454545456,0.5628415300546448,62,103.36,22,0.3548387096774194,3.327272727272727,0.22177921482096433,0.08387040394992681,4.503987453440502,0.2588262331069493,0.12408897578376894,55,12.333333333333334,0.2,0,Matt Festa,False,False
2026,663465,45,9,3,2,12,25.0,8.333333333333334,0.2,0.06666666666666667,0.044444444444444446,12.959999999999999,181,92,12,97,0.5082872928176796,0.13043478260869565,0.5359116022099447,71,102.3,18,0.2535211267605634,4.022222222222222,0.22177921482096433,0.08387040394992681,4.503987453440502,0.1891058509738285,0.06249685603618189,45,8.333333333333334,0.2,0,Kolby Allard,False,False
2026,686610,40,8,5,4,8,28.0,9.333333333333334,0.2,0.125,0.1,7.7142857142857135,149,62,16,65,0.4161073825503356,0.25806451612903225,0.436241610738255,40,102.42,10,0.25,3.725,0.22177921482096433,0.08387040394992681,4.503987453440502,0.20625,0.1109375,40,9.333333333333334,0.2,0,Ken Waldichuk,False,False
2026,687606,35,7,1,2,3,24.0,8.0,0.2,0.02857142857142857,0.05714285714285714,3.375,134,57,12,68,0.4253731343283582,0.21052631578947367,0.5074626865671642,41,101.7,11,0.2682926829268293,3.8285714285714287,0.22177921482096433,0.08387040394992681,4.503987453440502,0.2545454545454545,0.07272727272727272,35,8.0,0.2,0,Paxton Schultz,False,False
2026,607455,51,10,3,1,12,31.0,10.333333333333334,0.19607843137254902,0.058823529411764705,0.0196078431372549,10.451612903225806,194,87,21,93,0.4484536082474227,0.2413793103448276,0.4793814432989691,64,99.94,13,0.203125,3.803921568627451,0.22177921482096433,0.08387040394992681,4.503987453440502,0.21658692185007974,0.11924698108908637,51,10.333333333333334,0.19607843137254902,0,Anthony Banda,False,False
2026,595345,46,9,5,1,7,36.0,12.0,0.1956521739130435,0.10869565217391304,0.021739130434782608,5.25,186,94,21,104,0.5053763440860215,0.22340425531914893,0.5591397849462365,68,97.16,9,0.1323529411764706,4.043478260869565,0.22177921482096433,0.08387040394992681,4.503987453440502,0.2694482338790119,0.08630840618826889,46,12.0,0.1956521739130435,0,Steven Okert,False,False
2026,642701,41,8,4,0,2,33.0,11.0,0.1951219512195122,0.0975609756097561,0.0,1.6363636363636365,169,78,19,80,0.46153846153846156,0.24358974358974358,0.47337278106508873,56,101.85,11,0.19642857142857142,4.121951219512195,0.22177921482096433,0.08387040394992681,4.503987453440502,0.23205113752818204,0.0854319105691057,41,11.0,0.1951219512195122,0,Dennis Santana,True,False
2026,690925,41,8,6,2,5,29.0,9.666666666666666,0.1951219512195122,0.14634146341463414,0.04878048780487805,4.655172413793104,161,68,13,79,0.422360248447205,0.19117647058823528,0.4906832298136646,48,101.96000000000001,15,0.3125,3.926829268292683,0.22177921482096433,0.08387040394992681,4.503987453440502,0.3244301994301994,0.1257834757834758,41,9.666666666666666,0.1951219512195122,0,Clayton Beeter,False,False
2026,646241,47,9,6,0,10,24.0,8.0,0.19148936170212766,0.1276595744680851,0.0,11.25,178,75,11,98,0.42134831460674155,0.14666666666666667,0.550561797752809,59,102.9,12,0.2033898305084746,3.7872340425531914,0.22177921482096433,0.08387040394992681,4.503987453440502,0.14705882352941177,0.11764705882352941,47,8.0,0.19148936170212766,0,Enmanuel De Jesus,False,False
2026,676760,47,9,4,1,4,37.0,12.333333333333334,0.19148936170212766,0.0851063829787234,0.02127659574468085,2.918918918918919,199,95,25,92,0.47738693467336685,0.2631578947368421,0.4623115577889447,63,102.34,15,0.23809523809523808,4.23404255319149,0.22177921482096433,0.08387040394992681,4.503987453440502,0.2711838682712469,0.1061195636438355,47,12.333333333333334,0.19148936170212766,0,Ron Marinaccio,False,False
2026,666277,42,8,6,1,5,31.0,10.333333333333334,0.19047619047619047,0.14285714285714285,0.023809523809523808,4.354838709677419,165,78,17,84,0.4727272727272727,0.21794871794871795,0.509090909090909,54,101.36,9,0.16666666666666666,3.9285714285714284,0.22177921482096433,0.08387040394992681,4.503987453440502,0.21701578901188215,0.10379626294392647,42,10.333333333333334,0.19047619047619047,0,George Soriano,False,False
2026,669684,32,6,5,1,4,18.0,6.0,0.1875,0.15625,0.03125,6.0,109,51,11,56,0.46788990825688076,0.21568627450980393,0.5137614678899083,29,99.60000000000001,8,0.27586206896551724,3.40625,0.22177921482096433,0.08387040394992681,4.503987453440502,0.21485570077119373,0.11054716688519504,32,6.0,0.1875,0,Chris Murphy,False,False
2026,681252,32,6,2,1,3,23.0,7.666666666666667,0.1875,0.0625,0.03125,3.5217391304347823,126,66,12,62,0.5238095238095238,0.18181818181818182,0.49206349206349204,50,98.26,12,0.24,3.9375,0.22177921482096433,0.08387040394992681,4.503987453440502,0.22177921482096433,0.08387040394992681,32,7.666666666666667,0.1875,0,Jack Anderson,False,False
2026,663992,54,10,8,1,7,36.0,12.0,0.18518518518518517,0.14814814814814814,0.018518518518518517,5.25,208,93,20,102,0.44711538461538464,0.21505376344086022,0.49038461538461536,67,100.38,14,0.208955223880597,3.8518518518518516,0.22177921482096433,0.08387040394992681,4.503987453440502,0.20853188444848006,0.09457615565669204,54,12.0,0.18518518518518517,0,Richard Lovelady,False,False
2026,676755,54,10,5,0,0,40.0,13.333333333333334,0.18518518518518517,0.09259259259259259,0.0,0.0,219,102,16,123,0.4657534246575342,0.1568627450980392,0.5616438356164384,80,100.24000000000001,23,0.2875,4.055555555555555,0.22177921482096433,0.08387040394992681,4.503987453440502,0.24220465524813348,0.14992924413214267,54,13.333333333333334,0.18518518518518517,0,Isaac Mattson,False,False
2026,640448,49,9,8,1,1,37.0,12.333333333333334,0.1836734693877551,0.16326530612244897,0.02040816326530612,0.7297297297297297,195,83,18,88,0.4256410256410256,0.21686746987951808,0.4512820512820513,54,99.73,13,0.24074074074074073,3.979591836734694,0.22177921482096433,0.08387040394992681,4.503987453440502,0.22684303056818123,0.0825424697380021,49,12.333333333333334,0.1836734693877551,0,Kyle Finnegan,True,False
2026,678606,49,9,2,0,6,30.0,10.0,0.1836734693877551,0.04081632653061224,0.0,5.4,177,97,22,97,0.5480225988700564,0.2268041237113402,0.5480225988700564,71,99.0,12,0.16901408450704225,3.6122448979591835,0.22177921482096433,0.08387040394992681,4.503987453440502,0.19992015207331656,0.05896733159989701,49,10.0,0.1836734693877551,0,Jose Ferrer,True,False
2026,657424,39,7,5,1,2,29.0,9.666666666666666,0.1794871794871795,0.1282051282051282,0.02564102564102564,1.8620689655172415,160,68,17,69,0.425,0.25,0.43125,47,98.1,7,0.14893617021276595,4.102564102564102,0.22177921482096433,0.08387040394992681,4.503987453440502,0.24038289497226695,0.09769189479334406,39,9.666666666666666,0.1794871794871795,0,Matt Gage,False,False
2026,594580,45,8,7,0,3,29.0,9.666666666666666,0.17777777777777778,0.15555555555555556,0.0,2.793103448275862,177,60,11,77,0.3389830508474576,0.18333333333333332,0.4350282485875706,38,100.56,7,0.18421052631578946,3.933333333333333,0.22177921482096433,0.08387040394992681,4.503987453440502,0.25855478704040774,0.10949983714291188,45,9.666666666666666,0.17777777777777778,0,Sam Moll,False,False
2026,695418,68,12,4,3,12,48.0,16.0,0.17647058823529413,0.058823529411764705,0.04411764705882353,6.75,270,142,31,141,0.5259259259259259,0.21830985915492956,0.5222222222222223,99,104.34,29,0.29292929292929293,3.9705882352941178,0.22177921482096433,0.08387040394992681,4.503987453440502,0.19744058500914077,0.07861060329067641,68,16.0,0.17647058823529413,0,Brad Lord,False,False
2026,573124,34,6,4,0,5,21.0,7.0,0.17647058823529413,0.11764705882352941,0.0,6.428571428571429,143,61,12,67,0.42657342657342656,0.19672131147540983,0.46853146853146854,45,102.96000000000001,10,0.2222222222222222,4.205882352941177,0.22177921482096433,0.08387040394992681,4.503987453440502,0.2596746967760433,0.10174982231591019,34,7.0,0.17647058823529413,0,Taylor Rogers,False,False
2026,676395,34,6,7,0,3,24.0,8.0,0.17647058823529413,0.20588235294117646,0.0,3.375,153,62,17,80,0.40522875816993464,0.27419354838709675,0.5228758169934641,40,102.12,8,0.2,4.5,0.22177921482096433,0.08387040394992681,4.503987453440502,0.26989060025059924,0.07894721497465922,34,8.0,0.17647058823529413,0,Robert Garcia,False,False
2026,677161,34,6,1,1,6,27.0,9.0,0.17647058823529413,0.029411764705882353,0.029411764705882353,6.0,135,59,9,65,0.43703703703703706,0.15254237288135594,0.48148148148148145,47,101.56,11,0.23404255319148937,3.9705882352941178,0.22177921482096433,0.08387040394992681,4.503987453440502,0.21519738111804645,0.11675076308933097,34,9.0,0.17647058823529413,0,Zack Kelly,False,False
2026,676428,40,7,3,1,7,30.0,10.0,0.175,0.075,0.025,6.3,144,59,8,74,0.4097222222222222,0.13559322033898305,0.5138888888888888,45,100.84,10,0.2222222222222222,3.6,0.22177921482096433,0.08387040394992681,4.503987453440502,0.2328898057417913,0.0693897197868317,40,10.0,0.175,0,Brant Hurter,False,False
2026,694335,63,11,11,3,13,38.0,12.666666666666666,0.1746031746031746,0.1746031746031746,0.047619047619047616,9.236842105263158,232,105,13,119,0.4525862068965517,0.12380952380952381,0.5129310344827587,83,105.66,32,0.3855421686746988,3.6825396825396823,0.22177921482096433,0.08387040394992681,4.503987453440502,0.2905982905982906,0.08547008547008547,63,12.666666666666666,0.1746031746031746,0,Matt Svanson,False,False
2026,805123,63,11,9,2,8,41.0,13.666666666666666,0.1746031746031746,0.14285714285714285,0.031746031746031744,5.2682926829268295,251,123,33,118,0.4900398406374502,0.2682926829268293,0.4701195219123506,87,103.16000000000001,19,0.21839080459770116,3.984126984126984,0.22177921482096433,0.08387040394992681,4.503987453440502,0.28,0.096,63,13.666666666666666,0.1746031746031746,0,Aj Blubaugh,False,False
2026,663947,46,8,6,1,7,30.0,10.0,0.17391304347826086,0.13043478260869565,0.021739130434782608,6.3,184,77,13,85,0.41847826086956524,0.16883116883116883,0.46195652173913043,54,104.19000000000001,21,0.3888888888888889,4.0,0.22177921482096433,0.08387040394992681,4.503987453440502,0.21507355900011263,0.05259941329856584,46,10.0,0.17391304347826086,0,Tyler Holton,False,False
2026,607481,35,6,3,1,5,23.0,7.666666666666667,0.17142857142857143,0.08571428571428572,0.02857142857142857,5.869565217391304,139,67,12,81,0.48201438848920863,0.1791044776119403,0.5827338129496403,51,102.6,19,0.37254901960784315,3.9714285714285715,0.22177921482096433,0.08387040394992681,4.503987453440502,0.2559195762465843,0.089617903074931,35,7.666666666666667,0.17142857142857143,0,Aaron Bummer,False,False
2026,672782,65,11,9,5,16,40.0,13.333333333333334,0.16923076923076924,0.13846153846153847,0.07692307692307693,10.799999999999999,246,111,23,122,0.45121951219512196,0.2072072072072072,0.4959349593495935,76,103.1,21,0.27631578947368424,3.7846153846153845,0.22177921482096433,0.08387040394992681,4.503987453440502,0.2739726790569149,0.08382359495476222,65,13.333333333333334,0.16923076923076924,0,Yoendrys Gómez,False,False
2026,641312,66,11,7,3,8,46.0,15.333333333333334,0.16666666666666666,0.10606060606060606,0.045454545454545456,4.695652173913043,256,115,29,130,0.44921875,0.25217391304347825,0.5078125,81,100.9,21,0.25925925925925924,3.878787878787879,0.22177921482096433,0.08387040394992681,4.503987453440502,0.1614145658263305,0.0349906629318394,66,15.333333333333334,0.16666666666666666,0,Shaun Anderson,False,False
2026,664141,54,9,8,1,3,37.0,12.333333333333334,0.16666666666666666,0.14814814814814814,0.018518518518518517,2.189189189189189,217,100,21,98,0.4608294930875576,0.21,0.45161290322580644,67,100.6,16,0.23880597014925373,4.018518518518518,0.22177921482096433,0.08387040394992681,4.503987453440502,0.18803418803418803,0.10256410256410256,54,12.333333333333334,0.16666666666666666,0,Jt Brubaker,False,False
2026,678368,48,8,7,5,10,32.0,10.666666666666666,0.16666666666666666,0.14583333333333334,0.10416666666666667,8.4375,178,78,21,85,0.43820224719101125,0.2692307692307692,0.47752808988764045,51,107.3,18,0.35294117647058826,3.7083333333333335,0.22177921482096433,0.08387040394992681,4.503987453440502,0.15224990421921122,0.0682509618549636,48,10.666666666666666,0.16666666666666666,0,Valente Bellozo,False,False
2026,596133,42,7,4,1,8,30.0,10.0,0.16666666666666666,0.09523809523809523,0.023809523809523808,7.2,169,77,19,76,0.4556213017751479,0.24675324675324675,0.44970414201183434,53,99.7,11,0.20754716981132076,4.023809523809524,0.22177921482096433,0.08387040394992681,4.503987453440502,0.26654550220881884,0.07572039521084821,42,10.0,0.16666666666666666,0,Luke Weaver,False,False
2026,693312,42,7,13,1,10,22.0,7.333333333333333,0.16666666666666666,0.30952380952380953,0.023809523809523808,12.272727272727273,198,59,10,81,0.29797979797979796,0.1694915254237288,0.4090909090909091,40,99.32,9,0.225,4.714285714285714,0.22177921482096433,0.08387040394992681,4.503987453440502,0.22666377688650216,0.1267321517065931,42,7.333333333333333,0.16666666666666666,0,Kyle Nicolas,False,False
2026,664353,36,6,2,1,9,18.0,6.0,0.16666666666666666,0.05555555555555555,0.027777777777777776,13.5,131,73,16,72,0.5572519083969466,0.2191780821917808,0.549618320610687,49,100.58,13,0.2653061224489796,3.638888888888889,0.22177921482096433,0.08387040394992681,4.503987453440502,0.19124978511260102,0.15915993352816457,36,6.0,0.16666666666666666,0,José Urquidy,False,False
2026,519141,43,7,5,1,10,27.0,9.0,0.16279069767441862,0.11627906976744186,0.023255813953488372,10.0,150,72,14,76,0.48,0.19444444444444445,0.5066666666666667,54,102.33,10,0.18518518518518517,3.488372093023256,0.22177921482096433,0.08387040394992681,4.503987453440502,0.28078817733990147,0.07389162561576355,43,9.0,0.16279069767441862,0,Drew Pomeranz,False,False
2026,668674,43,7,8,0,6,28.0,9.333333333333334,0.16279069767441862,0.18604651162790697,0.0,5.785714285714286,185,81,10,88,0.43783783783783786,0.12345679012345678,0.4756756756756757,61,100.5,14,0.22950819672131148,4.3023255813953485,0.22177921482096433,0.08387040394992681,4.503987453440502,0.24264326267993108,0.08691513654845241,43,9.333333333333334,0.16279069767441862,0,Lucas Erceg,False,False
2026,700669,50,8,6,0,2,41.0,13.666666666666666,0.16,0.12,0.0,1.3170731707317074,186,72,9,88,0.3870967741935484,0.125,0.4731182795698925,57,101.39999999999999,20,0.3508771929824561,3.72,0.22177921482096433,0.08387040394992681,4.503987453440502,0.20056904260429367,0.06590178472453163,50,13.666666666666666,0.16,0,Gordon Graceffo,False,False
2026,683232,38,6,6,0,5,27.0,9.0,0.15789473684210525,0.15789473684210525,0.0,5.0,161,66,14,70,0.40993788819875776,0.21212121212121213,0.43478260869565216,48,101.99000000000001,15,0.3125,4.2368421052631575,0.22177921482096433,0.08387040394992681,4.503987453440502,0.2435665537766831,0.09752155172413794,38,9.0,0.15789473684210525,0,Nick Mears,False,False
2026,666374,32,5,2,0,1,28.0,9.333333333333334,0.15625,0.0625,0.0,0.9642857142857142,121,51,14,56,0.4214876033057851,0.27450980392156865,0.4628099173553719,34,106.07000000000001,12,0.35294117647058826,3.78125,0.22177921482096433,0.08387040394992681,4.503987453440502,0.31632186908568816,0.09209829812844889,32,9.333333333333334,0.15625,0,Matt Brash,False,False
2026,623437,46,7,5,1,4,32.0,10.666666666666666,0.15217391304347827,0.10869565217391304,0.021739130434782608,3.375,183,81,8,93,0.4426229508196721,0.09876543209876543,0.5081967213114754,64,101.55000000000001,14,0.21875,3.9782608695652173,0.22177921482096433,0.08387040394992681,4.503987453440502,0.2137853880065863,0.04399930950231051,46,10.666666666666666,0.15217391304347827,0,Justin Topa,False,False
2026,668984,47,7,2,0,6,31.0,10.333333333333334,0.14893617021276595,0.0425531914893617,0.0,5.225806451612903,178,81,13,92,0.4550561797752809,0.16049382716049382,0.5168539325842697,62,102.11999999999999,19,0.3064516129032258,3.7872340425531914,0.22177921482096433,0.08387040394992681,4.503987453440502,0.19936967083045987,0.0986343310404068,47,10.333333333333334,0.14893617021276595,0,Casey Legumina,False,False
2026,674370,54,8,9,2,7,36.0,12.0,0.14814814814814814,0.16666666666666666,0.037037037037037035,5.25,208,90,18,90,0.4326923076923077,0.2,0.4326923076923077,66,101.05,18,0.2727272727272727,3.8518518518518516,0.22177921482096433,0.08387040394992681,4.503987453440502,0.20998179857964142,0.09588226816655167,54,12.0,0.14814814814814814,0,Osvaldo Bido,False,False
2026,680767,54,8,6,2,10,32.0,10.666666666666666,0.14814814814814814,0.1111111111111111,0.037037037037037035,8.4375,192,87,19,97,0.453125,0.21839080459770116,0.5052083333333334,56,105.9,16,0.2857142857142857,3.5555555555555554,0.22177921482096433,0.08387040394992681,4.503987453440502,0.23041175645342313,0.10574144219977555,54,10.666666666666666,0.14814814814814814,0,Victor Vodnik,False,False
2026,683742,27,4,5,0,3,17.0,5.666666666666667,0.14814814814814814,0.18518518518518517,0.0,4.764705882352941,109,52,5,57,0.47706422018348627,0.09615384615384616,0.5229357798165137,43,98.86000000000001,6,0.13953488372093023,4.037037037037037,0.22177921482096433,0.08387040394992681,4.503987453440502,0.22177921482096433,0.08387040394992681,27,5.666666666666667,0.14814814814814814,0,Jose Franco,False,False
2026,664199,41,6,0,0,2,36.0,12.0,0.14634146341463414,0.0,0.0,1.5,154,75,15,71,0.487012987012987,0.2,0.461038961038961,56,100.8,12,0.21428571428571427,3.7560975609756095,0.22177921482096433,0.08387040394992681,4.503987453440502,0.22669394904330067,0.06425483999854709,41,12.0,0.14634146341463414,0,Taylor Clarke,False,False
2026,642232,42,6,4,1,6,28.0,9.333333333333334,0.14285714285714285,0.09523809523809523,0.023809523809523808,5.785714285714286,158,67,10,83,0.4240506329113924,0.14925373134328357,0.5253164556962026,53,100.06,11,0.20754716981132076,3.761904761904762,0.22177921482096433,0.08387040394992681,4.503987453440502,0.18565585061945644,0.06536449117636127,42,9.333333333333334,0.14285714285714285,0,Ryan Yarbrough,False,False
2026,689147,35,5,5,1,4,23.0,7.666666666666667,0.14285714285714285,0.14285714285714285,0.02857142857142857,4.695652173913043,139,66,11,70,0.4748201438848921,0.16666666666666666,0.5035971223021583,46,95.5,5,0.10869565217391304,3.9714285714285715,0.22177921482096433,0.08387040394992681,4.503987453440502,0.3045671348914923,0.09997134308639816,35,7.666666666666667,0.14285714285714285,0,Orion Kerkering,False,False
2026,543056,29,4,3,1,4,19.0,6.333333333333333,0.13793103448275862,0.10344827586206896,0.034482758620689655,5.684210526315789,126,55,9,61,0.4365079365079365,0.16363636363636364,0.48412698412698413,41,101.1,7,0.17073170731707318,4.344827586206897,0.22177921482096433,0.08387040394992681,4.503987453440502,0.27020809509141114,0.07240796982984829,29,6.333333333333333,0.13793103448275862,0,Danny Coulombe,False,False
2026,672582,51,7,5,2,8,33.0,11.0,0.13725490196078433,0.09803921568627451,0.0392156862745098,6.545454545454546,200,84,11,115,0.42,0.13095238095238096,0.575,65,106.66,21,0.3230769230769231,3.9215686274509802,0.22177921482096433,0.08387040394992681,4.503987453440502,0.2053848928848929,0.07210012210012211,51,11.0,0.13725490196078433,0,Angel Zerpa,False,False
2026,668941,44,6,4,1,1,34.0,11.333333333333334,0.13636363636363635,0.09090909090909091,0.022727272727272728,0.7941176470588235,181,72,8,91,0.39779005524861877,0.1111111111111111,0.5027624309392266,56,101.25,13,0.23214285714285715,4.113636363636363,0.22177921482096433,0.08387040394992681,4.503987453440502,0.23013630626015358,0.08595033622249298,44,11.333333333333334,0.13636363636363635,0,Jojo Romero,False,False
2026,657044,37,5,5,2,6,26.0,8.666666666666666,0.13513513513513514,0.13513513513513514,0.05405405405405406,6.230769230769231,129,56,10,58,0.43410852713178294,0.17857142857142858,0.4496124031007752,41,103.3,9,0.21951219512195122,3.4864864864864864,0.22177921482096433,0.08387040394992681,4.503987453440502,0.19234119267541727,0.06568779371252632,37,8.666666666666666,0.13513513513513514,0,Ryan Thompson,False,False
2026,682995,37,5,7,3,7,21.0,7.0,0.13513513513513514,0.1891891891891892,0.08108108108108109,9.0,148,53,6,69,0.3581081081081081,0.11320754716981132,0.46621621621621623,43,101.64,11,0.2558139534883721,4.0,0.22177921482096433,0.08387040394992681,4.503987453440502,0.25,0.0,37,7.0,0.13513513513513514,0,Hunter Barco,False,False
2026,685005,37,5,5,0,6,20.0,6.666666666666667,0.13513513513513514,0.13513513513513514,0.0,8.1,145,70,12,74,0.4827586206896552,0.17142857142857143,0.5103448275862069,49,101.24,15,0.30612244897959184,3.918918918918919,0.22177921482096433,0.08387040394992681,4.503987453440502,0.25,0.25,37,6.666666666666667,0.13513513513513514,0,Christian Roa,False,False
2026,670245,77,10,7,3,11,48.0,16.0,0.12987012987012986,0.09090909090909091,0.03896103896103896,6.1875,303,136,29,151,0.44884488448844884,0.21323529411764705,0.49834983498349833,99,103.1,29,0.29292929292929293,3.935064935064935,0.22177921482096433,0.08387040394992681,4.503987453440502,0.22177921482096433,0.08387040394992681,77,16.0,0.12987012987012986,0,Ryan Watson,False,False
2026,641585,31,4,5,1,5,19.0,6.333333333333333,0.12903225806451613,0.16129032258064516,0.03225806451612903,7.105263157894737,117,53,7,62,0.452991452991453,0.1320754716981132,0.5299145299145299,44,105.57000000000001,14,0.3181818181818182,3.774193548387097,0.22177921482096433,0.08387040394992681,4.503987453440502,0.23377717544651674,0.10509397073069797,31,6.333333333333333,0.12903225806451613,0,J. P. France,False,False
2026,621112,39,5,3,0,6,24.0,8.0,0.1282051282051282,0.07692307692307693,0.0,6.75,132,65,10,70,0.49242424242424243,0.15384615384615385,0.5303030303030303,49,100.56,15,0.30612244897959184,3.3846153846153846,0.22177921482096433,0.08387040394992681,4.503987453440502,0.1990268216500132,0.07382155094714923,39,8.0,0.1282051282051282,0,Paul Blackburn,False,False
2026,663855,47,6,6,0,5,31.0,10.333333333333334,0.1276595744680851,0.1276595744680851,0.0,4.354838709677419,165,74,11,84,0.4484848484848485,0.14864864864864866,0.509090909090909,59,101.80000000000001,12,0.2033898305084746,3.5106382978723403,0.22177921482096433,0.08387040394992681,4.503987453440502,0.2142961689140033,0.10300590555367627,47,10.333333333333334,0.1276595744680851,0,Jordan Hicks,False,False
2026,596001,48,6,4,0,0,37.0,12.333333333333334,0.125,0.08333333333333333,0.0,0.0,167,75,9,94,0.4491017964071856,0.12,0.562874251497006,63,100.20000000000002,13,0.20634920634920634,3.4791666666666665,0.22177921482096433,0.08387040394992681,4.503987453440502,0.21592210459050878,0.05211808883767183,48,12.333333333333334,0.125,0,Jakob Junis,False,False
2026,606996,60,7,5,0,7,42.0,14.0,0.11666666666666667,0.08333333333333333,0.0,4.5,226,103,14,115,0.4557522123893805,0.13592233009708737,0.5088495575221239,80,99.21000000000001,13,0.1625,3.7666666666666666,0.22177921482096433,0.08387040394992681,4.503987453440502,0.20670391061452514,0.07262569832402235,60,14.0,0.11666666666666667,0,Kyle Hart,False,False
2026,672335,54,6,9,2,7,32.0,10.666666666666666,0.1111111111111111,0.16666666666666666,0.037037037037037035,5.90625,218,86,17,108,0.3944954128440367,0.19767441860465115,0.4954128440366973,65,105.8,29,0.4461538461538462,4.037037037037037,0.22177921482096433,0.08387040394992681,4.503987453440502,0.1883260635632552,0.13461524639181185,54,10.666666666666666,0.1111111111111111,0,Cionel Pérez,False,False
2026,544150,36,4,2,3,5,26.0,8.666666666666666,0.1111111111111111,0.05555555555555555,0.08333333333333333,5.1923076923076925,133,67,14,67,0.5037593984962406,0.208955223880597,0.5037593984962406,52,101.75999999999999,13,0.25,3.6944444444444446,0.22177921482096433,0.08387040394992681,4.503987453440502,0.2110682799728736,0.05901773922975336,36,8.666666666666666,0.1111111111111111,0,Albert Suárez,False,False
2026,682120,28,3,4,0,5,17.0,5.666666666666667,0.10714285714285714,0.14285714285714285,0.0,7.941176470588235,125,53,16,55,0.424,0.3018867924528302,0.44,33,92.54,2,0.06060606060606061,4.464285714285714,0.22177921482096433,0.08387040394992681,4.503987453440502,0.25096233357832665,0.12165179965095363,28,5.666666666666667,0.10714285714285714,0,Tim Herrin,False,False
2026,677865,58,6,9,1,7,39.0,13.0,0.10344827586206896,0.15517241379310345,0.017241379310344827,4.846153846153846,235,91,13,110,0.3872340425531915,0.14285714285714285,0.46808510638297873,72,101.55,17,0.2361111111111111,4.051724137931035,0.22177921482096433,0.08387040394992681,4.503987453440502,0.22219497765945853,0.07975845749069793,58,13.0,0.10344827586206896,0,Justin Bruihl,False,False
2026,670167,39,4,6,2,7,24.0,8.0,0.10256410256410256,0.15384615384615385,0.05128205128205128,7.875,167,71,7,80,0.4251497005988024,0.09859154929577464,0.47904191616766467,58,101.21000000000001,18,0.3103448275862069,4.282051282051282,0.22177921482096433,0.08387040394992681,4.503987453440502,0.23088763807409754,0.09027337350034353,39,8.0,0.10256410256410256,0,John Schreiber,False,False
2026,643511,50,5,4,0,3,37.0,12.333333333333334,0.1,0.08,0.0,2.189189189189189,162,86,9,92,0.5308641975308642,0.10465116279069768,0.5679012345679012,68,101.35000000000001,10,0.14705882352941177,3.24,0.22177921482096433,0.08387040394992681,4.503987453440502,0.1740540110825842,0.032023458024535156,50,12.333333333333334,0.1,0,Tyler Rogers,False,False
2026,669270,30,3,0,0,3,23.0,7.666666666666667,0.1,0.0,0.0,3.5217391304347823,87,51,8,46,0.5862068965517241,0.1568627450980392,0.5287356321839081,39,104.11999999999999,14,0.358974358974359,2.9,0.22177921482096433,0.08387040394992681,4.503987453440502,0.09421357697219765,0.03831417624521073,30,7.666666666666667,0.1,0,Joel Kuhnel,False,False
2026,685801,32,3,7,1,5,21.0,7.0,0.09375,0.21875,0.03125,6.428571428571429,131,49,13,52,0.37404580152671757,0.2653061224489796,0.3969465648854962,34,100.67,10,0.29411764705882354,4.09375,0.22177921482096433,0.08387040394992681,4.503987453440502,0.2572298325722983,0.0767376966007103,32,7.0,0.09375,0,Hunter Bigge,False,False
2026,657612,33,3,0,0,0,30.0,10.0,0.09090909090909091,0.0,0.0,0.0,103,58,7,64,0.5631067961165048,0.1206896551724138,0.6213592233009708,49,101.12,17,0.3469387755102041,3.121212121212121,0.22177921482096433,0.08387040394992681,4.503987453440502,0.12499898286306614,0.06387391220630513,33,10.0,0.09090909090909091,0,Tim Hill,False,False
2026,663765,47,4,2,0,5,29.0,9.666666666666666,0.0851063829787234,0.0425531914893617,0.0,4.655172413793104,157,74,12,92,0.4713375796178344,0.16216216216216217,0.5859872611464968,57,101.84,22,0.38596491228070173,3.3404255319148937,0.22177921482096433,0.08387040394992681,4.503987453440502,0.14092641426209582,0.07460159172910141,47,9.666666666666666,0.0851063829787234,0,Jake Woodford,False,False
2026,472610,26,2,2,0,4,16.0,5.333333333333333,0.07692307692307693,0.07692307692307693,0.0,6.75,95,52,11,48,0.5473684210526316,0.21153846153846154,0.5052631578947369,38,100.62,9,0.23684210526315788,3.6538461538461537,0.22177921482096433,0.08387040394992681,4.503987453440502,0.2029708414018081,0.08776688775253842,26,5.333333333333333,0.07692307692307693,0,Luis García,False,False
2026,571948,44,3,4,1,3,33.0,11.0,0.06818181818181818,0.09090909090909091,0.022727272727272728,2.4545454545454546,164,70,6,88,0.4268292682926829,0.08571428571428572,0.5365853658536586,56,99.6,12,0.21428571428571427,3.727272727272727,0.22177921482096433,0.08387040394992681,4.503987453440502,0.22031790891538786,0.06010850984730351,44,11.0,0.06818181818181818,0,Hoby Milner,False,False
